########## dist-upgrade started 2026-09-20T12:23:23-07:00 ##########
L4T before: REVISION: 3.0
Reading package lists...
Building dependency tree...
Reading state information...
Calculating upgrade...
The following packages were automatically installed and are no longer required:
  gdal-data libaec0 libarmadillo10 libarpack2 libavcodec-dev libavformat-dev
  libavutil-dev libblosc1 libcfitsio9 libcharls2 libdc1394-dev libdeflate-dev
  libdouble-conversion3 libexif-dev libfreexl1 libfwupdplugin5 libfyba0
  libgcab-1.0-0 libgdal30 libgdcm-dev libgdcm3.0 libgeos-c1v5 libgeos3.10.2
  libgeotiff5 libgl2ps1.4 libglew2.2 libgphoto2-dev libhdf4-0-alt
  libhdf5-103-1 libhdf5-hl-100 libheif1 libilmbase-dev libjbig-dev libjpeg-dev
  libjpeg-turbo8-dev libjpeg8-dev libkmlbase1 libkmldom1 libkmlengine1
  liblept5 libminizip1 libmysqlclient21 libnetcdf19 libnvinfer-dispatch8
  libnvinfer-lean8 libnvinfer-plugin8 libnvinfer-vc-plugin8 libnvinfer8
  libnvonnxparsers8 libnvparsers8 libodbc2 libodbcinst2 libogdi4.1
  libopencv-calib3d4.5d libopencv-contrib4.5d libopencv-dnn4.5d
  libopencv-features2d4.5d libopencv-flann4.5d libopencv-highgui4.5d
  libopencv-imgcodecs4.5d libopencv-imgproc4.5d libopencv-ml4.5d
  libopencv-objdetect4.5d libopencv-photo4.5d libopencv-shape4.5d
  libopencv-stitching4.5d libopencv-superres4.5d libopencv-video4.5d
  libopencv-videoio4.5d libopencv-videostab4.5d libopencv-viz4.5d
  libopenexr-dev libpng-dev libpq5 libproj22 libraw1394-dev librttopo1
  libslirp0 libsocket++1 libspatialite7 libsuperlu5 libswresample-dev
  libswscale-dev libsz2 libtbb-dev libtesseract4 libtiff-dev libtiffxx5
  liburiparser1 libvtk9.1 libwpe-1.0-1 libwpebackend-fdo-1.0-1 libxerces-c3.2
  mysql-common proj-data slirp4netns unixodbc-common
Use 'sudo apt autoremove' to remove them.
The following packages will be REMOVED:
  libnvparsers-dev
The following NEW packages will be installed:
  cuda-cccl-12-6 cuda-cudart-12-6 cuda-cudart-dev-12-6 cuda-driver-dev-12-6
  cuda-toolkit-12-6-config-common efibootmgr libflashrom1 libftdi1-2 libfwupd3
  libnvinfer-dispatch10 libnvinfer-lean10 libnvinfer-plugin10
  libnvinfer-vc-plugin10 libnvinfer10 libnvonnxparsers10 libprotobuf-c1
  nvidia-l4t-libwayland-client0 nvidia-l4t-libwayland-cursor0
  nvidia-l4t-libwayland-egl1 nvidia-l4t-libwayland-server0 pva-allow-2
  ubuntu-pro-client ubuntu-pro-client-l10n
The following packages will be upgraded:
  accountsservice alsa-ucm-conf apparmor apport apport-gtk apt avahi-autoipd
  avahi-daemon avahi-utils base-files bind9-host bind9-libs binutils
  binutils-aarch64-linux-gnu binutils-common bison bluez bluez-obexd
  bsdextrautils bsdutils bubblewrap busybox-initramfs bzip2 ca-certificates
  containerd.io coreutils cpio cpp-11 cryptsetup-bin
  cuda-toolkit-12-config-common cuda-toolkit-config-common curl dconf-cli
  dconf-gsettings-backend dconf-service diffutils dirmngr distro-info-data
  dns-root-data dnsmasq-base docker-buildx-plugin docker-ce docker-ce-cli
  docker-ce-rootless-extras docker-compose-plugin dpkg eject espeak-ng-data
  ethtool evince evince-common evolution-data-server
  evolution-data-server-common fdisk fonts-noto-color-emoji fonts-opensymbol
  fwupd g++-11 gcc-11 gcc-11-base gcc-12-base gdb gdbserver gfortran-11
  ghostscript ghostscript-x gir1.2-accountsservice-1.0 gir1.2-gdkpixbuf-2.0
  gir1.2-gst-plugins-base-1.0 gir1.2-gstreamer-1.0 gir1.2-gtk-3.0
  gir1.2-gtk-4.0 gir1.2-harfbuzz-0.0 gir1.2-javascriptcoregtk-4.0
  gir1.2-mutter-10 gir1.2-nm-1.0 gir1.2-packagekitglib-1.0 gir1.2-polkit-1.0
  gir1.2-soup-2.4 gir1.2-vte-2.91 gir1.2-webkit2-4.0 git git-man gjs
  gnome-control-center gnome-control-center-data gnome-control-center-faces
  gnome-remote-desktop gnome-shell gnome-shell-common
  gnome-shell-extension-ubuntu-dock gnupg gnupg-l10n gnupg-utils gnupg2 gpg
  gpg-agent gpg-wks-client gpg-wks-server gpgconf gpgsm gpgv gstreamer1.0-alsa
  gstreamer1.0-gl gstreamer1.0-gtk3 gstreamer1.0-packagekit
  gstreamer1.0-pipewire gstreamer1.0-plugins-base
  gstreamer1.0-plugins-base-apps gstreamer1.0-plugins-good
  gstreamer1.0-pulseaudio gstreamer1.0-tools gstreamer1.0-x
  gtk-update-icon-cache gtk2-engines-pixbuf gvfs gvfs-backends gvfs-common
  gvfs-daemons gvfs-fuse gvfs-libs gzip initramfs-tools initramfs-tools-bin
  initramfs-tools-core iperf3 ipp-usb iproute2 iputils-ping jetson-gpio-common
  jq klibc-utils kmod language-pack-en language-pack-en-base ldap-utils less
  libabsl20210324 libaccountsservice0 libaom3 libapparmor1 libapt-pkg6.0
  libarchive13 libasan6 libasound2 libasound2-data libasound2-dev libatomic1
  libatopology2 libattr1 libavahi-client3 libavahi-common-data
  libavahi-common3 libavahi-core7 libavahi-glib1 libavahi-ui-gtk3-0
  libbinutils libblkid-dev libblkid1 libblockdev-crypto2 libblockdev-fs2
  libblockdev-loop2 libblockdev-part-err2 libblockdev-part2 libblockdev-swap2
  libblockdev-utils2 libblockdev2 libbluetooth3 libbz2-1.0 libc-bin
  libc-dev-bin libc6 libc6-dbg libc6-dev libcaca0 libcairo-gobject2
  libcairo-script-interpreter2 libcairo2 libcamel-1.2-63 libcap2 libcap2-bin
  libcc1-0 libcdio19 libcom-err2 libcryptsetup12 libctf-nobfd0 libctf0
  libcups2 libcupsfilters1 libcurl3-gnutls libcurl4 libdconf1
  libdebuginfod-common libdebuginfod1 libdevmapper1.02.1 libdjvulibre-text
  libdjvulibre21 libdw-dev libdw1 libebackend-1.2-10 libebook-1.2-20
  libebook-contacts-1.2-3 libecal-2.0-1 libedata-book-1.2-26
  libedata-cal-2.0-1 libedataserver-1.2-26 libedataserverui-1.2-3 libegl-mesa0
  libelf-dev libelf1 libespeak-ng1 libevdocument3-4 libevent-2.1-7
  libevent-core-2.1-7 libevent-dev libevent-extra-2.1-7 libevent-openssl-2.1-7
  libevent-pthreads-2.1-7 libevview3-3 libexif-dev libexif12 libexiv2-27
  libexpat1 libexpat1-dev libfdisk1 libfprint-2-2 libfreerdp-client2-2
  libfreerdp-server2-2 libfreerdp2-2 libfreetype6 libgail-common libgail18
  libgbm-dev libgbm1 libgcc-11-dev libgcc-s1 libgcrypt20 libgd3
  libgdk-pixbuf-2.0-0 libgdk-pixbuf2.0-bin libgdk-pixbuf2.0-common
  libgfortran-11-dev libgfortran5 libgif7 libgjs0g libgl1-mesa-dev
  libgl1-mesa-dri libglapi-mesa libglib2.0-0 libglib2.0-bin libglib2.0-data
  libglib2.0-dev libglib2.0-dev-bin libglib2.0-doc libglib2.0-tests
  libglx-mesa0 libgnutls30 libgomp1 libgphoto2-6 libgphoto2-dev
  libgphoto2-port12 libgraphite2-3 libgs9 libgs9-common libgsf-1-114
  libgsf-1-common libgssapi-krb5-2 libgstreamer-gl1.0-0
  libgstreamer-plugins-base1.0-0 libgstreamer-plugins-base1.0-dev
  libgstreamer-plugins-good1.0-0 libgstreamer-plugins-good1.0-dev
  libgstreamer1.0-0 libgstreamer1.0-dev libgtk-3-0 libgtk-3-common libgtk-4-1
  libgtk-4-bin libgtk-4-common libgtk2.0-0 libgtk2.0-bin libgtk2.0-common
  libharfbuzz-icu0 libharfbuzz0b libhtml-parser-perl libhttp-daemon-perl
  libhttp-date-perl libhwasan0 libidn12 libiniparser1 libinput-bin libinput10
  libipa-hbac0 libiperf0 libitm1 libjavascriptcoregtk-4.0-18 libjbig2dec0
  libjcat1 libjq1 libk5crypto3 libklibc libkmod2 libkpathsea6 libkrb5-3
  libkrb5support0 liblcms2-2 liblcms2-utils libldap-2.5-0 liblsan0 liblzma-dev
  liblzma5 libmalcontent-0-0 libmbim-glib4 libmbim-proxy libmm-glib0
  libmount-dev libmount1 libmpg123-0 libmutter-10-0 libmysqlclient21
  libnautilus-extension1a libncurses5 libncurses6 libncursesw6 libndp0
  libnfs13 libnftables1 libnghttp2-14 libnm0 libnspr4 libnss-sss
  libnss-systemd libnss3 libntfs-3g89 libnvidia-container-tools
  libnvidia-container1 libnvinfer-bin libnvinfer-dev libnvinfer-dispatch-dev
  libnvinfer-headers-dev libnvinfer-headers-plugin-dev libnvinfer-lean-dev
  libnvinfer-plugin-dev libnvinfer-samples libnvinfer-vc-plugin-dev
  libnvonnxparsers-dev libnvvpi3 libopenjp2-7 liborc-0.4-0 liborc-0.4-dev
  liborc-0.4-dev-bin libp11-kit0 libpackagekit-glib2-18 libpam-modules
  libpam-modules-bin libpam-runtime libpam-sss libpam-systemd libpam0g
  libpcap0.8 libperl5.34 libpipewire-0.3-0 libpipewire-0.3-common
  libpipewire-0.3-modules libpng-dev libpng16-16 libpolkit-agent-1-0
  libpolkit-gobject-1-0 libpoppler-glib8 libpoppler118 libpq5 libprotobuf23
  libpython2.7 libpython2.7-minimal libpython2.7-stdlib libpython3.10
  libpython3.10-dev libpython3.10-minimal libpython3.10-stdlib librabbitmq4
  librados2 libraptor2-0 libraw20 librbd1 libreoffice-base-core
  libreoffice-calc libreoffice-common libreoffice-core libreoffice-draw
  libreoffice-gnome libreoffice-gtk3 libreoffice-impress libreoffice-math
  libreoffice-pdfimport libreoffice-style-breeze libreoffice-style-colibre
  libreoffice-style-elementary libreoffice-style-yaru libreoffice-writer
  libseccomp2 libslirp0 libsmartcols1 libsmbclient libsndfile1 libsnmp-base
  libsnmp40 libsodium23 libsoup-gnome2.4-1 libsoup2.4-1 libsoup2.4-common
  libspa-0.2-modules libsqlite3-0 libss2 libssh-4 libssh-gcrypt-4 libssl3
  libsss-certmap0 libsss-idmap0 libsss-nss-idmap0 libstdc++-11-dev libstdc++6
  libsynctex2 libsysmetrics1 libsystemd0 libtasn1-6 libtiff-dev libtiff5
  libtiffxx5 libtinfo5 libtinfo6 libtsan0 libtss2-esys-3.0.2-0 libtss2-mu0
  libtss2-rc0 libtss2-sys1 libtss2-tcti-cmd0 libtss2-tcti-device0
  libtss2-tcti-mssim0 libtss2-tcti-swtpm0 libtss2-tctildr0 libubsan1
  libudev-dev libudev1 libudisks2-0 libuno-cppu3 libuno-cppuhelpergcc3-3
  libuno-purpenvhelpergcc3-3 libuno-sal3 libuno-salhelpergcc3-3 libuuid1
  libvncclient1 libvncserver1 libvpx7 libvte-2.91-0 libvte-2.91-common
  libwbclient0 libwebkit2gtk-4.0-37 libwinpr2-2 libwww-perl libxfont2
  libxml-parser-perl libxml2 libxml2-dev libxmlb2 libxnvctrl0 libxpm4
  libxslt1.1 libyelp0 linux-base linux-firmware linux-libc-dev locales logsave
  lshw mailcap modemmanager mount mutter-common nautilus nautilus-data
  ncurses-base ncurses-bin ncurses-term net-tools network-manager
  network-manager-config-connectivity-ubuntu network-manager-openvpn
  network-manager-openvpn-gnome nftables ntfs-3g nvidia-container-toolkit
  nvidia-container-toolkit-base nvidia-l4t-3d-core nvidia-l4t-apt-source
  nvidia-l4t-bootloader nvidia-l4t-camera nvidia-l4t-configs nvidia-l4t-core
  nvidia-l4t-cuda nvidia-l4t-cudadebuggingsupport nvidia-l4t-display-kernel
  nvidia-l4t-dla-compiler nvidia-l4t-firmware nvidia-l4t-gbm
  nvidia-l4t-graphics-demos nvidia-l4t-gstreamer nvidia-l4t-init
  nvidia-l4t-initrd nvidia-l4t-jetson-io nvidia-l4t-jetson-multimedia-api
  nvidia-l4t-jetsonpower-gui-tools nvidia-l4t-kernel nvidia-l4t-kernel-dtbs
  nvidia-l4t-kernel-headers nvidia-l4t-kernel-oot-headers
  nvidia-l4t-kernel-oot-modules nvidia-l4t-multimedia
  nvidia-l4t-multimedia-utils nvidia-l4t-nvfancontrol nvidia-l4t-nvml
  nvidia-l4t-nvpmodel nvidia-l4t-nvpmodel-gui-tools nvidia-l4t-nvsci
  nvidia-l4t-oem-config nvidia-l4t-openwfd nvidia-l4t-optee nvidia-l4t-pva
  nvidia-l4t-tools nvidia-l4t-vulkan-sc nvidia-l4t-vulkan-sc-dev
  nvidia-l4t-vulkan-sc-samples nvidia-l4t-vulkan-sc-sdk nvidia-l4t-wayland
  nvidia-l4t-weston nvidia-l4t-x11 nvidia-l4t-xusb-firmware openssh-client
  openssh-server openssh-sftp-server openssl openvpn p11-kit p11-kit-modules
  packagekit packagekit-tools pci.ids perl perl-base perl-modules-5.34
  pipewire pipewire-bin pkexec policykit-1 polkitd poppler-utils
  python-apt-common python-jetson-gpio python2.7 python2.7-minimal
  python3-apport python3-apt python3-attr python3-cryptography
  python3-distupgrade python3-httplib2 python3-idna python3-jetson-gpio
  python3-jwt python3-libnvinfer python3-libnvinfer-dev
  python3-libnvinfer-dispatch python3-libnvinfer-lean python3-mako
  python3-paramiko python3-pil python3-pil.imagetk python3-problem-report
  python3-protobuf python3-requests python3-sss python3-uno
  python3-update-manager python3-urllib3 python3-urwid python3-zipp python3.10
  python3.10-dev python3.10-minimal python3.10-venv python3.10-vpi3 qemu-efi
  qemu-efi-aarch64 rfkill rsync rsyslog samba-libs sed snapd spice-vdagent
  sssd sssd-ad sssd-ad-common sssd-common sssd-ipa sssd-krb5 sssd-krb5-common
  sssd-ldap sssd-proxy sudo systemd systemd-oomd systemd-sysv
  systemd-timesyncd tailscale tar tensorrt tensorrt-libs thunderbird
  thunderbird-gnome-support tracker-extract tracker-miner-fs
  transmission-common transmission-gtk tzdata ubuntu-advantage-desktop-daemon
  ubuntu-advantage-tools ubuntu-desktop ubuntu-desktop-minimal
  ubuntu-drivers-common ubuntu-release-upgrader-core
  ubuntu-release-upgrader-gtk ubuntu-report udev udisks2 uno-libs-private
  update-manager update-manager-core ure usbmuxd util-linux uuid-dev
  uuid-runtime vim vim-common vim-runtime vpi3-dev vpi3-python-src
  vpi3-samples wget wireless-regdb wpasupplicant xdg-dbus-proxy
  xdg-desktop-portal xdg-desktop-portal-gnome xserver-common xserver-xephyr
  xserver-xorg-core xserver-xorg-legacy xwayland xxd xz-utils yelp yelp-xsl
663 upgraded, 23 newly installed, 1 to remove and 0 not upgraded.
Need to get 2,004 MB of archives.
After this operation, 232 MB of additional disk space will be used.
Get:1 https://download.docker.com/linux/ubuntu jammy/stable arm64 docker-ce-cli arm64 5:29.8.1-1~ubuntu.22.04~jammy [15.8 MB]
Get:2 https://pkgs.tailscale.com/stable/ubuntu jammy/main arm64 tailscale arm64 1.102.4 [35.7 MB]
Get:3 http://ports.ubuntu.com/ubuntu-ports jammy-updates/main arm64 libc6-dbg arm64 2.35-0ubuntu3.15 [9,824 kB]
Get:4 https://repo.download.nvidia.com/jetson/common r36.5/main arm64 libnvinfer10 arm64 10.3.0.30-1+cuda12.5 [101 MB]
Get:5 https://download.docker.com/linux/ubuntu jammy/stable arm64 containerd.io arm64 2.3.5-1~ubuntu.22.04~jammy [18.9 MB]
Get:6 http://ports.ubuntu.com/ubuntu-ports jammy-updates/main arm64 libc6-dev arm64 2.35-0ubuntu3.15 [1,549 kB]
Get:7 http://ports.ubuntu.com/ubuntu-ports jammy-updates/main arm64 libc-dev-bin arm64 2.35-0ubuntu3.15 [19.7 kB]
Get:8 http://ports.ubuntu.com/ubuntu-ports jammy-updates/main arm64 linux-libc-dev arm64 5.15.0-191.201 [1,338 kB]
Get:9 http://ports.ubuntu.com/ubuntu-ports jammy-updates/main arm64 libatomic1 arm64 12.3.0-1ubuntu1~22.04.3 [10.7 kB]
Get:10 http://ports.ubuntu.com/ubuntu-ports jammy-updates/main arm64 libubsan1 arm64 12.3.0-1ubuntu1~22.04.3 [967 kB]
Get:11 http://ports.ubuntu.com/ubuntu-ports jammy-updates/main arm64 liblsan0 arm64 12.3.0-1ubuntu1~22.04.3 [1,038 kB]
Get:12 http://ports.ubuntu.com/ubuntu-ports jammy-updates/main arm64 libitm1 arm64 12.3.0-1ubuntu1~22.04.3 [28.5 kB]
Get:13 http://ports.ubuntu.com/ubuntu-ports jammy-updates/main arm64 libhwasan0 arm64 12.3.0-1ubuntu1~22.04.3 [1,120 kB]
Get:14 http://ports.ubuntu.com/ubuntu-ports jammy-updates/main arm64 libgomp1 arm64 12.3.0-1ubuntu1~22.04.3 [124 kB]
Get:15 http://ports.ubuntu.com/ubuntu-ports jammy-updates/main arm64 libgfortran5 arm64 12.3.0-1ubuntu1~22.04.3 [417 kB]
Get:16 http://ports.ubuntu.com/ubuntu-ports jammy-updates/main arm64 gcc-12-base arm64 12.3.0-1ubuntu1~22.04.3 [216 kB]
Get:17 http://ports.ubuntu.com/ubuntu-ports jammy-updates/main arm64 libgcc-s1 arm64 12.3.0-1ubuntu1~22.04.3 [39.7 kB]
Get:18 http://ports.ubuntu.com/ubuntu-ports jammy-updates/main arm64 libcc1-0 arm64 12.3.0-1ubuntu1~22.04.3 [45.0 kB]
Get:19 http://ports.ubuntu.com/ubuntu-ports jammy-updates/main arm64 libstdc++6 arm64 12.3.0-1ubuntu1~22.04.3 [661 kB]
Get:20 http://ports.ubuntu.com/ubuntu-ports jammy-updates/main arm64 libc6 arm64 2.35-0ubuntu3.15 [2,709 kB]
Get:21 https://download.docker.com/linux/ubuntu jammy/stable arm64 docker-ce arm64 5:29.8.1-1~ubuntu.22.04~jammy [20.8 MB]
Get:22 http://ports.ubuntu.com/ubuntu-ports jammy-updates/main arm64 base-files arm64 12ubuntu4.7 [61.8 kB]
Get:23 http://ports.ubuntu.com/ubuntu-ports jammy-updates/main arm64 bsdutils arm64 1:2.37.2-4ubuntu3.6 [84.8 kB]
Get:24 http://ports.ubuntu.com/ubuntu-ports jammy-updates/main arm64 coreutils arm64 8.32-4.1ubuntu1.4 [1,399 kB]
Get:25 http://ports.ubuntu.com/ubuntu-ports jammy-updates/main arm64 diffutils arm64 1:3.8-0ubuntu2.1 [169 kB]
Get:26 http://ports.ubuntu.com/ubuntu-ports jammy-updates/main arm64 bzip2 arm64 1.0.8-5ubuntu0.1 [34.5 kB]
Get:27 http://ports.ubuntu.com/ubuntu-ports jammy-updates/main arm64 libbz2-1.0 arm64 1.0.8-5ubuntu0.1 [36.1 kB]
Get:28 http://ports.ubuntu.com/ubuntu-ports jammy-updates/main arm64 libgcrypt20 arm64 1.9.4-3ubuntu3.3 [464 kB]
Get:29 http://ports.ubuntu.com/ubuntu-ports jammy-updates/main arm64 liblzma-dev arm64 5.2.5-2ubuntu1.1 [159 kB]
Get:30 http://ports.ubuntu.com/ubuntu-ports jammy-updates/main arm64 liblzma5 arm64 5.2.5-2ubuntu1.1 [98.4 kB]
Get:31 http://ports.ubuntu.com/ubuntu-ports jammy-updates/main arm64 libnss-systemd arm64 249.11-0ubuntu3.22 [133 kB]
Get:32 http://ports.ubuntu.com/ubuntu-ports jammy-updates/main arm64 xserver-common all 2:21.1.4-2ubuntu1.7~22.04.16 [29.5 kB]
Get:33 http://ports.ubuntu.com/ubuntu-ports jammy-updates/main arm64 xserver-xorg-legacy arm64 2:21.1.4-2ubuntu1.7~22.04.16 [36.1 kB]
Get:34 http://ports.ubuntu.com/ubuntu-ports jammy-updates/main arm64 libudev-dev arm64 249.11-0ubuntu3.22 [20.7 kB]
Get:35 http://ports.ubuntu.com/ubuntu-ports jammy-updates/main arm64 libsystemd0 arm64 249.11-0ubuntu3.22 [316 kB]
Get:36 http://ports.ubuntu.com/ubuntu-ports jammy-updates/main arm64 xserver-xorg-core arm64 2:21.1.4-2ubuntu1.7~22.04.16 [1,447 kB]
Get:37 http://ports.ubuntu.com/ubuntu-ports jammy-updates/main arm64 systemd-timesyncd arm64 249.11-0ubuntu3.22 [30.0 kB]
Get:38 http://ports.ubuntu.com/ubuntu-ports jammy-updates/main arm64 systemd-sysv arm64 249.11-0ubuntu3.22 [10.5 kB]
Get:39 http://ports.ubuntu.com/ubuntu-ports jammy-updates/main arm64 systemd-oomd arm64 249.11-0ubuntu3.22 [34.1 kB]
Get:40 http://ports.ubuntu.com/ubuntu-ports jammy-updates/main arm64 libpam-systemd arm64 249.11-0ubuntu3.22 [205 kB]
Get:41 http://ports.ubuntu.com/ubuntu-ports jammy-updates/main arm64 systemd arm64 249.11-0ubuntu3.22 [4,418 kB]
Get:42 http://ports.ubuntu.com/ubuntu-ports jammy-updates/main arm64 bluez arm64 5.64-0ubuntu1.4 [1,078 kB]
Get:43 http://ports.ubuntu.com/ubuntu-ports jammy-updates/main arm64 udev arm64 249.11-0ubuntu3.22 [1,540 kB]
Get:44 http://ports.ubuntu.com/ubuntu-ports jammy-updates/main arm64 libudev1 arm64 249.11-0ubuntu3.22 [73.7 kB]
Get:45 http://ports.ubuntu.com/ubuntu-ports jammy-updates/main arm64 dconf-cli arm64 0.40.0-3ubuntu0.1 [26.1 kB]
Get:46 http://ports.ubuntu.com/ubuntu-ports jammy-updates/main arm64 dconf-service arm64 0.40.0-3ubuntu0.1 [27.0 kB]
Get:47 http://ports.ubuntu.com/ubuntu-ports jammy-updates/main arm64 dconf-gsettings-backend arm64 0.40.0-3ubuntu0.1 [22.2 kB]
Get:48 http://ports.ubuntu.com/ubuntu-ports jammy-updates/main arm64 libdconf1 arm64 0.40.0-3ubuntu0.1 [40.2 kB]
Get:49 http://ports.ubuntu.com/ubuntu-ports jammy-updates/main arm64 gir1.2-mutter-10 arm64 42.9-0ubuntu9 [132 kB]
Get:50 http://ports.ubuntu.com/ubuntu-ports jammy-updates/main arm64 libmutter-10-0 arm64 42.9-0ubuntu9 [1,320 kB]
Get:51 http://ports.ubuntu.com/ubuntu-ports jammy-updates/main arm64 gjs arm64 1.72.4-0ubuntu0.22.04.4 [105 kB]
Get:52 http://ports.ubuntu.com/ubuntu-ports jammy-updates/main arm64 libgjs0g arm64 1.72.4-0ubuntu0.22.04.4 [367 kB]
Get:53 http://ports.ubuntu.com/ubuntu-ports jammy-updates/main arm64 gnome-remote-desktop arm64 42.9-0ubuntu0.22.04.2 [124 kB]
Get:54 http://ports.ubuntu.com/ubuntu-ports jammy-updates/main arm64 gnome-control-center-data all 1:41.7-0ubuntu0.22.04.9 [343 kB]
Get:55 http://ports.ubuntu.com/ubuntu-ports jammy-updates/main arm64 gnome-control-center arm64 1:41.7-0ubuntu0.22.04.9 [1,748 kB]
Get:56 http://ports.ubuntu.com/ubuntu-ports jammy-updates/main arm64 gnome-shell arm64 42.9-0ubuntu2.3 [862 kB]
Get:57 http://ports.ubuntu.com/ubuntu-ports jammy-updates/main arm64 gnome-shell-common all 42.9-0ubuntu2.3 [183 kB]
Get:58 http://ports.ubuntu.com/ubuntu-ports jammy-updates/main arm64 mutter-common all 42.9-0ubuntu9 [13.4 kB]
Get:59 http://ports.ubuntu.com/ubuntu-ports jammy-updates/main arm64 libgdk-pixbuf2.0-common all 2.42.8+dfsg-1ubuntu0.5 [5,560 B]
Get:60 http://ports.ubuntu.com/ubuntu-ports jammy-updates/main arm64 libpng-dev arm64 1.6.37-3ubuntu0.6 [195 kB]
Get:61 http://ports.ubuntu.com/ubuntu-ports jammy-updates/main arm64 libpng16-16 arm64 1.6.37-3ubuntu0.6 [190 kB]
Get:62 http://ports.ubuntu.com/ubuntu-ports jammy-updates/main arm64 libtiff-dev arm64 4.3.0-6ubuntu0.13 [314 kB]
Get:63 http://ports.ubuntu.com/ubuntu-ports jammy-updates/main arm64 libtiffxx5 arm64 4.3.0-6ubuntu0.13 [5,610 B]
Get:64 http://ports.ubuntu.com/ubuntu-ports jammy-updates/main arm64 libtiff5 arm64 4.3.0-6ubuntu0.13 [181 kB]
Get:65 http://ports.ubuntu.com/ubuntu-ports jammy-updates/main arm64 libgdk-pixbuf-2.0-0 arm64 2.42.8+dfsg-1ubuntu0.5 [143 kB]
Get:66 http://ports.ubuntu.com/ubuntu-ports jammy-updates/main arm64 gir1.2-gdkpixbuf-2.0 arm64 2.42.8+dfsg-1ubuntu0.5 [9,470 B]
Get:67 http://ports.ubuntu.com/ubuntu-ports jammy-updates/main arm64 libgtk-3-common all 3.24.33-1ubuntu2.2 [239 kB]
Get:68 http://ports.ubuntu.com/ubuntu-ports jammy-updates/main arm64 libfreetype6 arm64 2.11.1+dfsg-1ubuntu0.3 [382 kB]
Get:69 http://ports.ubuntu.com/ubuntu-ports jammy-updates/main arm64 libcairo-script-interpreter2 arm64 1.16.0-5ubuntu2.1 [61.0 kB]
Get:70 http://ports.ubuntu.com/ubuntu-ports jammy-updates/main arm64 libcairo-gobject2 arm64 1.16.0-5ubuntu2.1 [19.4 kB]
Get:71 http://ports.ubuntu.com/ubuntu-ports jammy-updates/main arm64 libcairo2 arm64 1.16.0-5ubuntu2.1 [613 kB]
Get:72 http://ports.ubuntu.com/ubuntu-ports jammy-updates/main arm64 avahi-utils arm64 0.8-5ubuntu5.5 [25.8 kB]
Get:73 http://ports.ubuntu.com/ubuntu-ports jammy-updates/main arm64 avahi-daemon arm64 0.8-5ubuntu5.5 [68.4 kB]
Get:74 http://ports.ubuntu.com/ubuntu-ports jammy-updates/main arm64 libavahi-ui-gtk3-0 arm64 0.8-5ubuntu5.5 [20.2 kB]
Get:75 http://ports.ubuntu.com/ubuntu-ports jammy-updates/main arm64 libavahi-glib1 arm64 0.8-5ubuntu5.5 [7,732 B]
Get:76 http://ports.ubuntu.com/ubuntu-ports jammy-updates/main arm64 libavahi-core7 arm64 0.8-5ubuntu5.5 [87.2 kB]
Get:77 http://ports.ubuntu.com/ubuntu-ports jammy-updates/main arm64 libavahi-client3 arm64 0.8-5ubuntu5.5 [27.4 kB]
Get:78 http://ports.ubuntu.com/ubuntu-ports jammy-updates/main arm64 libavahi-common3 arm64 0.8-5ubuntu5.5 [23.4 kB]
Get:79 http://ports.ubuntu.com/ubuntu-ports jammy-updates/main arm64 libavahi-common-data arm64 0.8-5ubuntu5.5 [24.0 kB]
Get:80 https://download.docker.com/linux/ubuntu jammy/stable arm64 docker-buildx-plugin arm64 0.37.1-1~ubuntu.22.04~jammy [14.8 MB]
Get:81 http://ports.ubuntu.com/ubuntu-ports jammy-updates/main arm64 libcap2 arm64 1:2.44-1ubuntu0.22.04.3 [18.5 kB]
Get:82 http://ports.ubuntu.com/ubuntu-ports jammy-updates/main arm64 libexpat1-dev arm64 2.4.7-1ubuntu0.7 [130 kB]
Get:83 http://ports.ubuntu.com/ubuntu-ports jammy-updates/main arm64 libexpat1 arm64 2.4.7-1ubuntu0.7 [77.5 kB]
Get:84 http://ports.ubuntu.com/ubuntu-ports jammy-updates/main arm64 libk5crypto3 arm64 1.19.2-2ubuntu0.10 [91.9 kB]
Get:85 http://ports.ubuntu.com/ubuntu-ports jammy-updates/main arm64 libkrb5support0 arm64 1.19.2-2ubuntu0.10 [32.9 kB]
Get:86 http://ports.ubuntu.com/ubuntu-ports jammy-updates/main arm64 libkrb5-3 arm64 1.19.2-2ubuntu0.10 [356 kB]
Get:87 http://ports.ubuntu.com/ubuntu-ports jammy-updates/main arm64 libgssapi-krb5-2 arm64 1.19.2-2ubuntu0.10 [142 kB]
Get:88 http://ports.ubuntu.com/ubuntu-ports jammy-updates/main arm64 libcom-err2 arm64 1.46.5-2ubuntu1.2 [9,108 B]
Get:89 http://ports.ubuntu.com/ubuntu-ports jammy-updates/main arm64 libssl3 arm64 3.0.2-0ubuntu1.29 [1,808 kB]
Get:90 http://ports.ubuntu.com/ubuntu-ports jammy-updates/main arm64 libnghttp2-14 arm64 1.43.0-1ubuntu0.4 [76.2 kB]
Get:91 http://ports.ubuntu.com/ubuntu-ports jammy-updates/main arm64 libxml2-dev arm64 2.9.13+dfsg-1ubuntu0.12 [805 kB]
Get:92 http://ports.ubuntu.com/ubuntu-ports jammy-updates/main arm64 libxml2 arm64 2.9.13+dfsg-1ubuntu0.12 [729 kB]
Get:93 http://ports.ubuntu.com/ubuntu-ports jammy-updates/main arm64 bind9-host arm64 1:9.18.39-0ubuntu0.22.04.6 [52.0 kB]
Get:94 http://ports.ubuntu.com/ubuntu-ports jammy-updates/main arm64 bind9-libs arm64 1:9.18.39-0ubuntu0.22.04.6 [1,219 kB]
Get:95 http://ports.ubuntu.com/ubuntu-ports jammy-updates/main arm64 libtasn1-6 arm64 4.18.0-4ubuntu0.2 [43.2 kB]
Get:96 http://ports.ubuntu.com/ubuntu-ports jammy-updates/main arm64 p11-kit-modules arm64 0.24.0-6ubuntu0.1 [215 kB]
Get:97 http://ports.ubuntu.com/ubuntu-ports jammy-updates/main arm64 libp11-kit0 arm64 0.24.0-6ubuntu0.1 [231 kB]
Get:98 http://ports.ubuntu.com/ubuntu-ports jammy-updates/main arm64 libgnutls30 arm64 3.7.3-4ubuntu1.9 [926 kB]
Get:99 http://ports.ubuntu.com/ubuntu-ports jammy-updates/main arm64 libcups2 arm64 2.4.1op1-1ubuntu4.21 [265 kB]
Get:100 http://ports.ubuntu.com/ubuntu-ports jammy-updates/main arm64 libgraphite2-3 arm64 1.3.14-1ubuntu0.1 [69.2 kB]
Get:101 http://ports.ubuntu.com/ubuntu-ports jammy-updates/main arm64 libharfbuzz0b arm64 2.7.4-1ubuntu3.2 [353 kB]
Get:102 http://ports.ubuntu.com/ubuntu-ports jammy-updates/main arm64 libgtk-3-0 arm64 3.24.33-1ubuntu2.2 [2,990 kB]
Get:103 http://ports.ubuntu.com/ubuntu-ports jammy-updates/main arm64 gir1.2-gtk-3.0 arm64 3.24.33-1ubuntu2.2 [240 kB]
Get:104 http://ports.ubuntu.com/ubuntu-ports jammy-updates/main arm64 libelf-dev arm64 0.186-1ubuntu0.1 [65.8 kB]
Get:105 http://ports.ubuntu.com/ubuntu-ports jammy-updates/main arm64 libdw-dev arm64 0.186-1ubuntu0.1 [322 kB]
Get:106 http://ports.ubuntu.com/ubuntu-ports jammy-updates/main arm64 libdebuginfod-common all 0.186-1ubuntu0.1 [7,996 B]
Get:107 http://ports.ubuntu.com/ubuntu-ports jammy-updates/main arm64 ldap-utils arm64 2.5.20+dfsg-0ubuntu0.22.04.1 [143 kB]
Get:108 http://ports.ubuntu.com/ubuntu-ports jammy-updates/main arm64 libldap-2.5-0 arm64 2.5.20+dfsg-0ubuntu0.22.04.1 [182 kB]
Get:109 http://ports.ubuntu.com/ubuntu-ports jammy-updates/main arm64 libssh-4 arm64 0.9.6-2ubuntu0.22.04.8 [187 kB]
Get:110 https://download.docker.com/linux/ubuntu jammy/stable arm64 docker-ce-rootless-extras arm64 5:29.8.1-1~ubuntu.22.04~jammy [9,127 kB]
Get:111 http://ports.ubuntu.com/ubuntu-ports jammy-updates/main arm64 libcurl3-gnutls arm64 7.81.0-1ubuntu1.27 [280 kB]
Get:112 http://ports.ubuntu.com/ubuntu-ports jammy-updates/main arm64 libdebuginfod1 arm64 0.186-1ubuntu0.1 [12.3 kB]
Get:113 http://ports.ubuntu.com/ubuntu-ports jammy-updates/main arm64 libdw1 arm64 0.186-1ubuntu0.1 [246 kB]
Get:114 http://ports.ubuntu.com/ubuntu-ports jammy-updates/main arm64 libelf1 arm64 0.186-1ubuntu0.1 [50.8 kB]
Get:115 http://ports.ubuntu.com/ubuntu-ports jammy-updates/main arm64 libgl1-mesa-dri arm64 23.2.1-1ubuntu3.1~22.04.4 [8,099 kB]
Get:116 http://ports.ubuntu.com/ubuntu-ports jammy-updates/main arm64 libglx-mesa0 arm64 23.2.1-1ubuntu3.1~22.04.4 [166 kB]
Get:117 http://ports.ubuntu.com/ubuntu-ports jammy-updates/main arm64 libegl-mesa0 arm64 23.2.1-1ubuntu3.1~22.04.4 [116 kB]
Get:118 http://ports.ubuntu.com/ubuntu-ports jammy-updates/main arm64 libglapi-mesa arm64 23.2.1-1ubuntu3.1~22.04.4 [50.7 kB]
Get:119 http://ports.ubuntu.com/ubuntu-ports jammy-updates/main arm64 libgbm-dev arm64 23.2.1-1ubuntu3.1~22.04.4 [9,538 B]
Get:120 http://ports.ubuntu.com/ubuntu-ports jammy-updates/main arm64 libgbm1 arm64 23.2.1-1ubuntu3.1~22.04.4 [33.8 kB]
Get:121 http://ports.ubuntu.com/ubuntu-ports jammy-updates/main arm64 libinput-bin arm64 1.20.0-1ubuntu0.4 [20.1 kB]
Get:122 http://ports.ubuntu.com/ubuntu-ports jammy-updates/main arm64 libinput10 arm64 1.20.0-1ubuntu0.4 [126 kB]
Get:123 https://download.docker.com/linux/ubuntu jammy/stable arm64 docker-compose-plugin arm64 5.5.1-1~ubuntu.22.04~jammy [6,831 kB]
Get:124 http://ports.ubuntu.com/ubuntu-ports jammy-updates/main arm64 libatopology2 arm64 1.2.6.1-1ubuntu1.2 [51.8 kB]
Get:125 http://ports.ubuntu.com/ubuntu-ports jammy-updates/main arm64 libasound2-dev arm64 1.2.6.1-1ubuntu1.2 [110 kB]
Get:126 http://ports.ubuntu.com/ubuntu-ports jammy-updates/main arm64 libasound2 arm64 1.2.6.1-1ubuntu1.2 [380 kB]
Get:127 http://ports.ubuntu.com/ubuntu-ports jammy-updates/main arm64 libasound2-data all 1.2.6.1-1ubuntu1.2 [19.3 kB]
Get:128 http://ports.ubuntu.com/ubuntu-ports jammy-updates/main arm64 gstreamer1.0-pipewire arm64 0.3.48-1ubuntu3.2 [43.1 kB]
Get:129 http://ports.ubuntu.com/ubuntu-ports jammy-updates/main arm64 libpipewire-0.3-modules arm64 0.3.48-1ubuntu3.2 [496 kB]
Get:130 http://ports.ubuntu.com/ubuntu-ports jammy-updates/main arm64 pipewire arm64 0.3.48-1ubuntu3.2 [3,978 B]
Get:131 http://ports.ubuntu.com/ubuntu-ports jammy-updates/main arm64 pipewire-bin arm64 0.3.48-1ubuntu3.2 [297 kB]
Get:132 http://ports.ubuntu.com/ubuntu-ports jammy-updates/main arm64 libpipewire-0.3-0 arm64 0.3.48-1ubuntu3.2 [267 kB]
Get:133 http://ports.ubuntu.com/ubuntu-ports jammy-updates/main arm64 libspa-0.2-modules arm64 0.3.48-1ubuntu3.2 [500 kB]
Get:134 http://ports.ubuntu.com/ubuntu-ports jammy-updates/main arm64 libncurses6 arm64 6.3-2ubuntu0.3 [106 kB]
Get:135 http://ports.ubuntu.com/ubuntu-ports jammy-updates/main arm64 libncursesw6 arm64 6.3-2ubuntu0.3 [142 kB]
Get:136 http://ports.ubuntu.com/ubuntu-ports jammy-updates/main arm64 libtinfo6 arm64 6.3-2ubuntu0.3 [104 kB]
Get:137 http://ports.ubuntu.com/ubuntu-ports jammy-updates/main arm64 libsndfile1 arm64 1.0.31-2ubuntu0.2 [197 kB]
Get:138 http://ports.ubuntu.com/ubuntu-ports jammy-updates/main arm64 libgstreamer1.0-dev arm64 1.20.3-0ubuntu1.1 [510 kB]
Get:139 http://ports.ubuntu.com/ubuntu-ports jammy-updates/main arm64 gir1.2-gstreamer-1.0 arm64 1.20.3-0ubuntu1.1 [87.4 kB]
Get:140 http://ports.ubuntu.com/ubuntu-ports jammy-updates/main arm64 libglib2.0-dev arm64 2.72.4-0ubuntu2.9 [1,828 kB]
Get:141 http://ports.ubuntu.com/ubuntu-ports jammy-updates/main arm64 libglib2.0-dev-bin arm64 2.72.4-0ubuntu2.9 [116 kB]
Get:142 http://ports.ubuntu.com/ubuntu-ports jammy-updates/main arm64 libglib2.0-data all 2.72.4-0ubuntu2.9 [5,088 B]
Get:143 http://ports.ubuntu.com/ubuntu-ports jammy-updates/main arm64 libglib2.0-bin arm64 2.72.4-0ubuntu2.9 [79.7 kB]
Get:144 http://ports.ubuntu.com/ubuntu-ports jammy-updates/main arm64 uuid-dev arm64 2.37.2-4ubuntu3.6 [34.0 kB]
Get:145 http://ports.ubuntu.com/ubuntu-ports jammy-updates/main arm64 libuuid1 arm64 2.37.2-4ubuntu3.6 [24.1 kB]
Get:146 http://ports.ubuntu.com/ubuntu-ports jammy-updates/main arm64 libblkid-dev arm64 2.37.2-4ubuntu3.6 [198 kB]
Get:147 http://ports.ubuntu.com/ubuntu-ports jammy-updates/main arm64 libblkid1 arm64 2.37.2-4ubuntu3.6 [103 kB]
Get:148 http://ports.ubuntu.com/ubuntu-ports jammy-updates/main arm64 libmount-dev arm64 2.37.2-4ubuntu3.6 [14.5 kB]
Get:149 http://ports.ubuntu.com/ubuntu-ports jammy-updates/main arm64 libmount1 arm64 2.37.2-4ubuntu3.6 [121 kB]
Get:150 http://ports.ubuntu.com/ubuntu-ports jammy-updates/main arm64 libcap2-bin arm64 1:2.44-1ubuntu0.22.04.3 [25.5 kB]
Get:151 http://ports.ubuntu.com/ubuntu-ports jammy-updates/main arm64 libgstreamer1.0-0 arm64 1.20.3-0ubuntu1.1 [930 kB]
Get:152 http://ports.ubuntu.com/ubuntu-ports jammy-updates/main arm64 libgstreamer-plugins-base1.0-dev arm64 1.20.1-1ubuntu0.6 [434 kB]
Get:153 http://ports.ubuntu.com/ubuntu-ports jammy-updates/main arm64 libgstreamer-gl1.0-0 arm64 1.20.1-1ubuntu0.6 [192 kB]
Get:154 http://ports.ubuntu.com/ubuntu-ports jammy-updates/main arm64 gir1.2-gst-plugins-base-1.0 arm64 1.20.1-1ubuntu0.6 [109 kB]
Get:155 http://ports.ubuntu.com/ubuntu-ports jammy-updates/main arm64 liborc-0.4-dev-bin arm64 1:0.4.32-2ubuntu0.1 [229 kB]
Get:156 http://ports.ubuntu.com/ubuntu-ports jammy-updates/main arm64 liborc-0.4-dev arm64 1:0.4.32-2ubuntu0.1 [218 kB]
Get:157 http://ports.ubuntu.com/ubuntu-ports jammy-updates/main arm64 liborc-0.4-0 arm64 1:0.4.32-2ubuntu0.1 [222 kB]
Get:158 http://ports.ubuntu.com/ubuntu-ports jammy-updates/main arm64 libgstreamer-plugins-base1.0-0 arm64 1.20.1-1ubuntu0.6 [793 kB]
Get:159 http://ports.ubuntu.com/ubuntu-ports jammy-updates/main arm64 libfreerdp-client2-2 arm64 2.6.1+dfsg1-3ubuntu2.11 [279 kB]
Get:160 http://ports.ubuntu.com/ubuntu-ports jammy-updates/main arm64 libfreerdp-server2-2 arm64 2.6.1+dfsg1-3ubuntu2.11 [96.0 kB]
Get:161 http://ports.ubuntu.com/ubuntu-ports jammy-updates/main arm64 libfreerdp2-2 arm64 2.6.1+dfsg1-3ubuntu2.11 [546 kB]
Get:162 http://ports.ubuntu.com/ubuntu-ports jammy-updates/main arm64 libwinpr2-2 arm64 2.6.1+dfsg1-3ubuntu2.11 [353 kB]
Get:163 http://ports.ubuntu.com/ubuntu-ports jammy-updates/main arm64 libvncserver1 arm64 0.9.13+dfsg-3ubuntu0.2 [129 kB]
Get:164 http://ports.ubuntu.com/ubuntu-ports jammy-updates/main arm64 pkexec arm64 0.105-33ubuntu0.2 [14.9 kB]
Get:165 http://ports.ubuntu.com/ubuntu-ports jammy-updates/main arm64 polkitd arm64 0.105-33ubuntu0.2 [77.9 kB]
Get:166 http://ports.ubuntu.com/ubuntu-ports jammy-updates/main arm64 policykit-1 arm64 0.105-33ubuntu0.2 [2,438 B]
Get:167 http://ports.ubuntu.com/ubuntu-ports jammy-updates/main arm64 libpam0g arm64 1.4.0-11ubuntu2.8 [59.8 kB]
Get:168 http://ports.ubuntu.com/ubuntu-ports jammy-updates/main arm64 gir1.2-polkit-1.0 arm64 0.105-33ubuntu0.2 [7,770 B]
Get:169 http://ports.ubuntu.com/ubuntu-ports jammy-updates/main arm64 libpolkit-agent-1-0 arm64 0.105-33ubuntu0.2 [16.0 kB]
Get:170 http://ports.ubuntu.com/ubuntu-ports jammy-updates/main arm64 libpam-modules-bin arm64 1.4.0-11ubuntu2.8 [38.6 kB]
Get:171 http://ports.ubuntu.com/ubuntu-ports jammy-updates/main arm64 libpam-modules arm64 1.4.0-11ubuntu2.8 [279 kB]
Get:172 http://ports.ubuntu.com/ubuntu-ports jammy-updates/main arm64 libpam-runtime all 1.4.0-11ubuntu2.8 [40.2 kB]
Get:173 http://ports.ubuntu.com/ubuntu-ports jammy-updates/main arm64 libpolkit-gobject-1-0 arm64 0.105-33ubuntu0.2 [41.0 kB]
Get:174 http://ports.ubuntu.com/ubuntu-ports jammy-updates/main arm64 libaccountsservice0 arm64 22.07.5-2ubuntu1.6 [60.5 kB]
Get:175 http://ports.ubuntu.com/ubuntu-ports jammy-updates/main arm64 accountsservice arm64 22.07.5-2ubuntu1.6 [68.8 kB]
Get:176 http://ports.ubuntu.com/ubuntu-ports jammy-updates/main arm64 libmm-glib0 arm64 1.20.0-1~ubuntu22.04.4 [257 kB]
Get:177 http://ports.ubuntu.com/ubuntu-ports jammy-updates/main arm64 libbluetooth3 arm64 5.64-0ubuntu1.4 [88.6 kB]
Get:178 http://ports.ubuntu.com/ubuntu-ports jammy-updates/main arm64 libndp0 arm64 1.8-0ubuntu3.1 [12.1 kB]
Get:179 http://ports.ubuntu.com/ubuntu-ports jammy-updates/main arm64 network-manager arm64 1.36.6-0ubuntu2.5 [2,117 kB]
Get:180 http://ports.ubuntu.com/ubuntu-ports jammy-updates/main arm64 libnm0 arm64 1.36.6-0ubuntu2.5 [446 kB]
Get:181 http://ports.ubuntu.com/ubuntu-ports jammy-updates/main arm64 libsmbclient arm64 2:4.15.13+dfsg-0ubuntu1.13 [63.3 kB]
Get:182 http://ports.ubuntu.com/ubuntu-ports jammy-updates/main arm64 samba-libs arm64 2:4.15.13+dfsg-0ubuntu1.13 [6,182 kB]
Get:183 http://ports.ubuntu.com/ubuntu-ports jammy-updates/main arm64 libwbclient0 arm64 2:4.15.13+dfsg-0ubuntu1.13 [270 kB]
Get:184 http://ports.ubuntu.com/ubuntu-ports jammy-updates/main arm64 python3.10-dev arm64 3.10.12-1~22.04.18 [508 kB]
Get:185 http://ports.ubuntu.com/ubuntu-ports jammy-updates/main arm64 libpython3.10-dev arm64 3.10.12-1~22.04.18 [4,671 kB]
Get:186 http://ports.ubuntu.com/ubuntu-ports jammy-updates/universe arm64 python3.10-venv arm64 3.10.12-1~22.04.18 [5,726 B]
Get:187 http://ports.ubuntu.com/ubuntu-ports jammy-updates/main arm64 python3.10 arm64 3.10.12-1~22.04.18 [508 kB]
Get:188 http://ports.ubuntu.com/ubuntu-ports jammy-updates/main arm64 python3.10-minimal arm64 3.10.12-1~22.04.18 [2,245 kB]
Get:189 http://ports.ubuntu.com/ubuntu-ports jammy-updates/main arm64 libpython3.10 arm64 3.10.12-1~22.04.18 [1,888 kB]
Get:190 http://ports.ubuntu.com/ubuntu-ports jammy-updates/main arm64 libpython3.10-stdlib arm64 3.10.12-1~22.04.18 [1,848 kB]
Get:191 http://ports.ubuntu.com/ubuntu-ports jammy-updates/main arm64 libpython3.10-minimal arm64 3.10.12-1~22.04.18 [814 kB]
Get:192 http://ports.ubuntu.com/ubuntu-ports jammy-updates/main arm64 libsqlite3-0 arm64 3.37.2-2ubuntu0.8 [636 kB]
Get:193 http://ports.ubuntu.com/ubuntu-ports jammy-updates/main arm64 libudisks2-0 arm64 2.9.4-1ubuntu2.3 [169 kB]
Get:194 http://ports.ubuntu.com/ubuntu-ports jammy-updates/main arm64 libnspr4 arm64 2:4.35-0ubuntu0.22.04.1 [116 kB]
Get:195 http://ports.ubuntu.com/ubuntu-ports jammy-updates/main arm64 libnss3 arm64 2:3.98-0ubuntu0.22.04.4 [1,237 kB]
Get:196 http://ports.ubuntu.com/ubuntu-ports jammy-updates/main arm64 evolution-data-server arm64 3.44.4-0ubuntu1.2 [761 kB]
Get:197 http://ports.ubuntu.com/ubuntu-ports jammy-updates/main arm64 libcamel-1.2-63 arm64 3.44.4-0ubuntu1.2 [475 kB]
Get:198 http://ports.ubuntu.com/ubuntu-ports jammy-updates/main arm64 libecal-2.0-1 arm64 3.44.4-0ubuntu1.2 [163 kB]
Get:199 https://repo.download.nvidia.com/jetson/common r36.5/main arm64 libnvinfer-plugin10 arm64 10.3.0.30-1+cuda12.5 [4,951 kB]
Get:200 http://ports.ubuntu.com/ubuntu-ports jammy-updates/main arm64 gir1.2-soup-2.4 arm64 2.74.2-3ubuntu0.8 [31.8 kB]
Get:201 http://ports.ubuntu.com/ubuntu-ports jammy-updates/main arm64 libsoup-gnome2.4-1 arm64 2.74.2-3ubuntu0.8 [6,254 B]
Get:202 http://ports.ubuntu.com/ubuntu-ports jammy-updates/main arm64 libsoup2.4-common all 2.74.2-3ubuntu0.8 [5,158 B]
Get:203 http://ports.ubuntu.com/ubuntu-ports jammy-updates/main arm64 libsoup2.4-1 arm64 2.74.2-3ubuntu0.8 [282 kB]
Get:204 http://ports.ubuntu.com/ubuntu-ports jammy-updates/main arm64 gir1.2-webkit2-4.0 arm64 2.50.4-0ubuntu0.22.04.1 [105 kB]
Get:205 http://ports.ubuntu.com/ubuntu-ports jammy-updates/main arm64 gir1.2-javascriptcoregtk-4.0 arm64 2.50.4-0ubuntu0.22.04.1 [39.1 kB]
Get:206 http://ports.ubuntu.com/ubuntu-ports jammy-updates/main arm64 libwebkit2gtk-4.0-37 arm64 2.50.4-0ubuntu0.22.04.1 [26.9 MB]
Get:207 https://repo.download.nvidia.com/jetson/common r36.5/main arm64 libnvinfer-vc-plugin10 arm64 10.3.0.30-1+cuda12.5 [212 kB]
Get:208 https://repo.download.nvidia.com/jetson/common r36.5/main arm64 libnvinfer-lean10 arm64 10.3.0.30-1+cuda12.5 [5,885 kB]
Get:209 https://repo.download.nvidia.com/jetson/common r36.5/main arm64 libnvinfer-dispatch10 arm64 10.3.0.30-1+cuda12.5 [216 kB]
Get:210 https://repo.download.nvidia.com/jetson/common r36.5/main arm64 libnvonnxparsers10 arm64 10.3.0.30-1+cuda12.5 [815 kB]
Get:211 https://repo.download.nvidia.com/jetson/common r36.5/main arm64 tensorrt arm64 10.3.0.30-1+cuda12.5 [2,950 B]
Get:212 https://repo.download.nvidia.com/jetson/common r36.5/main arm64 libnvinfer-bin arm64 10.3.0.30-1+cuda12.5 [415 kB]
Get:213 https://repo.download.nvidia.com/jetson/common r36.5/main arm64 python3-libnvinfer-dev arm64 10.3.0.30-1+cuda12.5 [2,962 B]
Get:214 https://repo.download.nvidia.com/jetson/common r36.5/main arm64 python3-libnvinfer arm64 10.3.0.30-1+cuda12.5 [649 kB]
Get:215 https://repo.download.nvidia.com/jetson/common r36.5/main arm64 python3-libnvinfer-lean arm64 10.3.0.30-1+cuda12.5 [395 kB]
Get:216 https://repo.download.nvidia.com/jetson/common r36.5/main arm64 python3-libnvinfer-dispatch arm64 10.3.0.30-1+cuda12.5 [395 kB]
Get:217 https://repo.download.nvidia.com/jetson/common r36.5/main arm64 libnvinfer-samples all 10.3.0.30-1+cuda12.5 [187 MB]
Get:218 http://ports.ubuntu.com/ubuntu-ports jammy-updates/main arm64 libjavascriptcoregtk-4.0-18 arm64 2.50.4-0ubuntu0.22.04.1 [9,141 kB]
Get:219 http://ports.ubuntu.com/ubuntu-ports jammy-updates/main arm64 gstreamer1.0-plugins-base arm64 1.20.1-1ubuntu0.6 [656 kB]
Get:220 http://ports.ubuntu.com/ubuntu-ports jammy-updates/main arm64 libgstreamer-plugins-good1.0-dev arm64 1.20.3-0ubuntu1.8 [18.2 kB]
Get:221 http://ports.ubuntu.com/ubuntu-ports jammy-updates/main arm64 gstreamer1.0-plugins-good arm64 1.20.3-0ubuntu1.8 [1,865 kB]
Get:222 http://ports.ubuntu.com/ubuntu-ports jammy-updates/main arm64 libgstreamer-plugins-good1.0-0 arm64 1.20.3-0ubuntu1.8 [29.5 kB]
Get:223 http://ports.ubuntu.com/ubuntu-ports jammy-updates/main arm64 libcaca0 arm64 0.99.beta19-2.2ubuntu4.2 [221 kB]
Get:224 http://ports.ubuntu.com/ubuntu-ports jammy-updates/main arm64 libmpg123-0 arm64 1.29.3-1ubuntu0.1 [170 kB]
Get:225 http://ports.ubuntu.com/ubuntu-ports jammy-updates/main arm64 libvpx7 arm64 1.11.0-2ubuntu2.5 [1,038 kB]
Get:226 http://ports.ubuntu.com/ubuntu-ports jammy-security/main arm64 bubblewrap arm64 0.6.1-1ubuntu0.3 [46.0 kB]
Get:227 http://ports.ubuntu.com/ubuntu-ports jammy-updates/main arm64 xdg-dbus-proxy arm64 0.1.3-1ubuntu0.1 [24.3 kB]
Get:228 http://ports.ubuntu.com/ubuntu-ports jammy-updates/main arm64 libharfbuzz-icu0 arm64 2.7.4-1ubuntu3.2 [5,818 B]
Get:229 http://ports.ubuntu.com/ubuntu-ports jammy-updates/main arm64 liblcms2-2 arm64 2.12~rc1-2ubuntu0.1 [158 kB]
Get:230 http://ports.ubuntu.com/ubuntu-ports jammy-updates/main arm64 libseccomp2 arm64 2.5.3-2ubuntu3~22.04.1 [47.9 kB]
Get:231 http://ports.ubuntu.com/ubuntu-ports jammy-updates/main arm64 libxslt1.1 arm64 1.1.34-4ubuntu0.22.04.5 [162 kB]
Get:232 http://ports.ubuntu.com/ubuntu-ports jammy-updates/main arm64 evolution-data-server-common all 3.44.4-0ubuntu1.2 [184 kB]
Get:233 http://ports.ubuntu.com/ubuntu-ports jammy-updates/main arm64 libedataserverui-1.2-3 arm64 3.44.4-0ubuntu1.2 [68.8 kB]
Get:234 http://ports.ubuntu.com/ubuntu-ports jammy-updates/main arm64 libedata-cal-2.0-1 arm64 3.44.4-0ubuntu1.2 [140 kB]
Get:235 http://ports.ubuntu.com/ubuntu-ports jammy-updates/main arm64 libebook-contacts-1.2-3 arm64 3.44.4-0ubuntu1.2 [59.9 kB]
Get:236 http://ports.ubuntu.com/ubuntu-ports jammy-updates/main arm64 libedata-book-1.2-26 arm64 3.44.4-0ubuntu1.2 [230 kB]
Get:237 http://ports.ubuntu.com/ubuntu-ports jammy-updates/main arm64 libebook-1.2-20 arm64 3.44.4-0ubuntu1.2 [88.9 kB]
Get:238 http://ports.ubuntu.com/ubuntu-ports jammy-updates/main arm64 libebackend-1.2-10 arm64 3.44.4-0ubuntu1.2 [114 kB]
Get:239 http://ports.ubuntu.com/ubuntu-ports jammy-updates/main arm64 libedataserver-1.2-26 arm64 3.44.4-0ubuntu1.2 [275 kB]
Get:240 http://ports.ubuntu.com/ubuntu-ports jammy-updates/main arm64 gir1.2-accountsservice-1.0 arm64 22.07.5-2ubuntu1.6 [5,222 B]
Get:241 http://ports.ubuntu.com/ubuntu-ports jammy-updates/main arm64 libgtk-4-common all 4.6.9+ds-0ubuntu0.22.04.2 [662 kB]
Get:242 http://ports.ubuntu.com/ubuntu-ports jammy-updates/main arm64 libgtk-4-1 arm64 4.6.9+ds-0ubuntu0.22.04.2 [2,767 kB]
Get:243 http://ports.ubuntu.com/ubuntu-ports jammy-updates/main arm64 gir1.2-gtk-4.0 arm64 4.6.9+ds-0ubuntu0.22.04.2 [218 kB]
Get:244 http://ports.ubuntu.com/ubuntu-ports jammy-updates/main arm64 gir1.2-nm-1.0 arm64 1.36.6-0ubuntu2.5 [84.1 kB]
Get:245 http://ports.ubuntu.com/ubuntu-ports jammy-updates/universe arm64 libglib2.0-tests arm64 2.72.4-0ubuntu2.9 [1,512 kB]
Get:246 http://ports.ubuntu.com/ubuntu-ports jammy-updates/main arm64 libglib2.0-0 arm64 2.72.4-0ubuntu2.9 [1,435 kB]
Get:247 http://ports.ubuntu.com/ubuntu-ports jammy-security/main arm64 kmod arm64 29-1ubuntu1.1 [99.4 kB]
Get:248 http://ports.ubuntu.com/ubuntu-ports jammy-security/main arm64 libkmod2 arm64 29-1ubuntu1.1 [46.5 kB]
Get:249 http://ports.ubuntu.com/ubuntu-ports jammy-updates/main arm64 libblockdev-part-err2 arm64 2.26-1ubuntu0.1 [5,650 B]
Get:250 http://ports.ubuntu.com/ubuntu-ports jammy-updates/main arm64 libblockdev-utils2 arm64 2.26-1ubuntu0.1 [15.5 kB]
Get:251 http://ports.ubuntu.com/ubuntu-ports jammy-updates/main arm64 libfdisk1 arm64 2.37.2-4ubuntu3.6 [136 kB]
Get:252 http://ports.ubuntu.com/ubuntu-ports jammy-updates/main arm64 libsmartcols1 arm64 2.37.2-4ubuntu3.6 [49.9 kB]
Get:253 http://ports.ubuntu.com/ubuntu-ports jammy-updates/main arm64 fdisk arm64 2.37.2-4ubuntu3.6 [120 kB]
Get:254 http://ports.ubuntu.com/ubuntu-ports jammy-updates/main arm64 libblockdev-part2 arm64 2.26-1ubuntu0.1 [15.0 kB]
Get:255 http://ports.ubuntu.com/ubuntu-ports jammy-updates/main arm64 util-linux arm64 2.37.2-4ubuntu3.6 [1,062 kB]
Get:256 http://ports.ubuntu.com/ubuntu-ports jammy-updates/main arm64 libxfont2 arm64 1:2.0.5-1ubuntu0.2 [90.9 kB]
Get:257 http://ports.ubuntu.com/ubuntu-ports jammy-updates/main arm64 libapparmor1 arm64 3.0.4-2ubuntu2.5 [39.5 kB]
Get:258 http://ports.ubuntu.com/ubuntu-ports jammy-updates/main arm64 libdevmapper1.02.1 arm64 2:1.02.175-2.1ubuntu5 [129 kB]
Get:259 http://ports.ubuntu.com/ubuntu-ports jammy-updates/main arm64 libcryptsetup12 arm64 2:2.4.3-1ubuntu1.3 [208 kB]
Get:260 http://ports.ubuntu.com/ubuntu-ports jammy-updates/main arm64 mount arm64 2.37.2-4ubuntu3.6 [113 kB]
Get:261 http://ports.ubuntu.com/ubuntu-ports jammy-updates/main arm64 libapt-pkg6.0 arm64 2.4.14 [872 kB]
Get:262 http://ports.ubuntu.com/ubuntu-ports jammy-updates/main arm64 tar arm64 1.34+dfsg-1ubuntu0.1.22.04.6 [291 kB]
Get:263 http://ports.ubuntu.com/ubuntu-ports jammy-updates/main arm64 dpkg arm64 1.21.1ubuntu2.6 [1,218 kB]
Get:264 http://ports.ubuntu.com/ubuntu-ports jammy-updates/main arm64 gzip arm64 1.10-4ubuntu4.2 [95.1 kB]
Get:265 http://ports.ubuntu.com/ubuntu-ports jammy-updates/main arm64 ncurses-bin arm64 6.3-2ubuntu0.3 [183 kB]
Get:266 http://ports.ubuntu.com/ubuntu-ports jammy-updates/main arm64 libperl5.34 arm64 5.34.0-3ubuntu1.9 [4,724 kB]
Get:267 http://ports.ubuntu.com/ubuntu-ports jammy-updates/main arm64 perl arm64 5.34.0-3ubuntu1.9 [232 kB]
Get:268 http://ports.ubuntu.com/ubuntu-ports jammy-updates/main arm64 perl-base arm64 5.34.0-3ubuntu1.9 [1,711 kB]
Get:269 http://ports.ubuntu.com/ubuntu-ports jammy-updates/main arm64 perl-modules-5.34 all 5.34.0-3ubuntu1.9 [2,977 kB]
Get:270 http://ports.ubuntu.com/ubuntu-ports jammy-updates/main arm64 sed arm64 4.8-1ubuntu2.1 [186 kB]
Get:271 http://ports.ubuntu.com/ubuntu-ports jammy-updates/main arm64 libc-bin arm64 2.35-0ubuntu3.15 [602 kB]
Get:272 http://ports.ubuntu.com/ubuntu-ports jammy-updates/main arm64 ncurses-base all 6.3-2ubuntu0.3 [20.1 kB]
Get:273 http://ports.ubuntu.com/ubuntu-ports jammy-updates/main arm64 gpg-wks-client arm64 2.2.27-3ubuntu2.5 [61.5 kB]
Get:274 http://ports.ubuntu.com/ubuntu-ports jammy-updates/main arm64 dirmngr arm64 2.2.27-3ubuntu2.5 [289 kB]
Get:275 http://ports.ubuntu.com/ubuntu-ports jammy-updates/main arm64 gpg-wks-server arm64 2.2.27-3ubuntu2.5 [56.9 kB]
Get:276 http://ports.ubuntu.com/ubuntu-ports jammy-updates/main arm64 gnupg-utils arm64 2.2.27-3ubuntu2.5 [304 kB]
Get:277 http://ports.ubuntu.com/ubuntu-ports jammy-updates/main arm64 gpg-agent arm64 2.2.27-3ubuntu2.5 [204 kB]
Get:278 http://ports.ubuntu.com/ubuntu-ports jammy-updates/main arm64 gpg arm64 2.2.27-3ubuntu2.5 [506 kB]
Get:279 http://ports.ubuntu.com/ubuntu-ports jammy-updates/main arm64 gpgconf arm64 2.2.27-3ubuntu2.5 [92.8 kB]
Get:280 http://ports.ubuntu.com/ubuntu-ports jammy-updates/main arm64 gnupg-l10n all 2.2.27-3ubuntu2.5 [54.5 kB]
Get:281 http://ports.ubuntu.com/ubuntu-ports jammy-updates/main arm64 gnupg all 2.2.27-3ubuntu2.5 [315 kB]
Get:282 http://ports.ubuntu.com/ubuntu-ports jammy-updates/main arm64 gpgsm arm64 2.2.27-3ubuntu2.5 [191 kB]
Get:283 http://ports.ubuntu.com/ubuntu-ports jammy-updates/main arm64 gpgv arm64 2.2.27-3ubuntu2.5 [134 kB]
Get:284 http://ports.ubuntu.com/ubuntu-ports jammy-updates/main arm64 apt arm64 2.4.14 [1,328 kB]
Get:285 http://ports.ubuntu.com/ubuntu-ports jammy-updates/main arm64 ntfs-3g arm64 1:2021.8.22-3ubuntu1.4 [395 kB]
Get:286 http://ports.ubuntu.com/ubuntu-ports jammy-updates/main arm64 libntfs-3g89 arm64 1:2021.8.22-3ubuntu1.4 [159 kB]
Get:287 http://ports.ubuntu.com/ubuntu-ports jammy/main arm64 efibootmgr arm64 17-1ubuntu2 [29.8 kB]
Get:288 http://ports.ubuntu.com/ubuntu-ports jammy-updates/main arm64 xxd arm64 2:8.2.3995-1ubuntu2.36 [51.0 kB]
Get:289 http://ports.ubuntu.com/ubuntu-ports jammy-updates/main arm64 rsync arm64 3.2.7-0ubuntu0.22.04.7 [438 kB]
Get:290 http://ports.ubuntu.com/ubuntu-ports jammy-updates/main arm64 uuid-runtime arm64 2.37.2-4ubuntu3.6 [31.9 kB]
Get:291 http://ports.ubuntu.com/ubuntu-ports jammy-updates/main arm64 nftables arm64 1.0.2-1ubuntu3.1 [67.4 kB]
Get:292 http://ports.ubuntu.com/ubuntu-ports jammy-updates/main arm64 libnftables1 arm64 1.0.2-1ubuntu3.1 [323 kB]
Get:293 http://ports.ubuntu.com/ubuntu-ports jammy-updates/main arm64 locales all 2.35-0ubuntu3.15 [4,245 kB]
Get:294 http://ports.ubuntu.com/ubuntu-ports jammy-updates/main arm64 language-pack-en all 1:22.04+20240902 [1,900 B]
Get:295 http://ports.ubuntu.com/ubuntu-ports jammy-updates/main arm64 language-pack-en-base all 1:22.04+20240902 [439 kB]
Get:296 http://ports.ubuntu.com/ubuntu-ports jammy-updates/main arm64 git-man all 1:2.34.1-1ubuntu1.17 [954 kB]
Get:297 http://ports.ubuntu.com/ubuntu-ports jammy-updates/main arm64 git arm64 1:2.34.1-1ubuntu1.17 [3,222 kB]
Get:298 http://ports.ubuntu.com/ubuntu-ports jammy-updates/main arm64 openssh-sftp-server arm64 1:8.9p1-3ubuntu0.17 [36.7 kB]
Get:299 http://ports.ubuntu.com/ubuntu-ports jammy-updates/main arm64 openssh-server arm64 1:8.9p1-3ubuntu0.17 [413 kB]
Get:300 http://ports.ubuntu.com/ubuntu-ports jammy-updates/main arm64 openssh-client arm64 1:8.9p1-3ubuntu0.17 [862 kB]
Get:301 http://ports.ubuntu.com/ubuntu-ports jammy-updates/universe arm64 libpython2.7 arm64 2.7.18-13ubuntu1.5 [1,129 kB]
Get:302 http://ports.ubuntu.com/ubuntu-ports jammy-updates/universe arm64 python2.7 arm64 2.7.18-13ubuntu1.5 [250 kB]
Get:303 http://ports.ubuntu.com/ubuntu-ports jammy-updates/universe arm64 libpython2.7-stdlib arm64 2.7.18-13ubuntu1.5 [1,984 kB]
Get:304 http://ports.ubuntu.com/ubuntu-ports jammy-updates/universe arm64 python2.7-minimal arm64 2.7.18-13ubuntu1.5 [1,412 kB]
Get:305 http://ports.ubuntu.com/ubuntu-ports jammy-updates/universe arm64 libpython2.7-minimal arm64 2.7.18-13ubuntu1.5 [347 kB]
Get:306 http://ports.ubuntu.com/ubuntu-ports jammy-updates/main arm64 spice-vdagent arm64 0.22.1-1ubuntu0.1 [58.6 kB]
Get:307 http://ports.ubuntu.com/ubuntu-ports jammy-updates/main arm64 python-apt-common all 2.4.0ubuntu4.1 [14.7 kB]
Get:308 http://ports.ubuntu.com/ubuntu-ports jammy-updates/main arm64 distro-info-data all 0.72-0ubuntu0.22.04.1 [5,948 B]
Get:309 http://ports.ubuntu.com/ubuntu-ports jammy-updates/main arm64 python3-apt arm64 2.4.0ubuntu4.1 [161 kB]
Get:310 http://ports.ubuntu.com/ubuntu-ports jammy-updates/main arm64 ubuntu-drivers-common arm64 1:0.9.6.2~0.22.04.11 [34.1 kB]
Get:311 http://ports.ubuntu.com/ubuntu-ports jammy-updates/main arm64 libattr1 arm64 1:2.5.1-1ubuntu0.1 [12.7 kB]
Get:312 http://ports.ubuntu.com/ubuntu-ports jammy-updates/main arm64 libss2 arm64 1.46.5-2ubuntu1.2 [11.9 kB]
Get:313 http://ports.ubuntu.com/ubuntu-ports jammy-updates/main arm64 logsave arm64 1.46.5-2ubuntu1.2 [9,918 B]
Get:314 http://ports.ubuntu.com/ubuntu-ports jammy-updates/main arm64 openssl arm64 3.0.2-0ubuntu1.29 [1,161 kB]
Get:315 http://ports.ubuntu.com/ubuntu-ports jammy-updates/main arm64 ca-certificates all 20260601~22.04.1 [141 kB]
Get:316 http://ports.ubuntu.com/ubuntu-ports jammy-updates/main arm64 eject arm64 2.37.2-4ubuntu3.6 [26.8 kB]
Get:317 http://ports.ubuntu.com/ubuntu-ports jammy-updates/main arm64 iproute2 arm64 5.15.0-1ubuntu2.2 [1,083 kB]
Get:318 http://ports.ubuntu.com/ubuntu-ports jammy-updates/main arm64 iputils-ping arm64 3:20211215-1ubuntu0.1 [43.6 kB]
Get:319 http://ports.ubuntu.com/ubuntu-ports jammy-updates/main arm64 less arm64 590-1ubuntu0.22.04.3 [141 kB]
Get:320 http://ports.ubuntu.com/ubuntu-ports jammy-updates/main arm64 rsyslog arm64 8.2112.0-2ubuntu2.4 [495 kB]
Get:321 http://ports.ubuntu.com/ubuntu-ports jammy-updates/main arm64 sudo arm64 1.9.9-1ubuntu2.6 [805 kB]
Get:322 http://ports.ubuntu.com/ubuntu-ports jammy-updates/main arm64 tzdata all 2026c-0ubuntu0.22.04.1 [346 kB]
Get:323 http://ports.ubuntu.com/ubuntu-ports jammy-updates/main arm64 ubuntu-advantage-tools all 37.2ubuntu~22.04.1 [10.9 kB]
Get:324 http://ports.ubuntu.com/ubuntu-ports jammy-updates/main arm64 ubuntu-pro-client arm64 37.2ubuntu~22.04.1 [237 kB]
Get:325 http://ports.ubuntu.com/ubuntu-ports jammy-updates/main arm64 ubuntu-pro-client-l10n arm64 37.2ubuntu~22.04.1 [1,382 B]
Get:326 http://ports.ubuntu.com/ubuntu-ports jammy-updates/main arm64 vim arm64 2:8.2.3995-1ubuntu2.36 [1,668 kB]
Get:327 http://ports.ubuntu.com/ubuntu-ports jammy-updates/main arm64 vim-runtime all 2:8.2.3995-1ubuntu2.36 [6,824 kB]
Get:328 http://ports.ubuntu.com/ubuntu-ports jammy-updates/main arm64 libsodium23 arm64 1.0.18-1ubuntu0.22.04.1 [124 kB]
Get:329 http://ports.ubuntu.com/ubuntu-ports jammy-updates/main arm64 vim-common all 2:8.2.3995-1ubuntu2.36 [81.5 kB]
Get:330 http://ports.ubuntu.com/ubuntu-ports jammy-updates/main arm64 apparmor arm64 3.0.4-2ubuntu2.5 [577 kB]
Get:331 http://ports.ubuntu.com/ubuntu-ports jammy-updates/main arm64 bsdextrautils arm64 2.37.2-4ubuntu3.6 [70.4 kB]
Get:332 http://ports.ubuntu.com/ubuntu-ports jammy-updates/main arm64 cpio arm64 2.13+dfsg-7ubuntu0.2 [82.6 kB]
Get:333 http://ports.ubuntu.com/ubuntu-ports jammy-updates/main arm64 libpcap0.8 arm64 1.10.1-4ubuntu1.22.04.1 [141 kB]
Get:334 http://ports.ubuntu.com/ubuntu-ports jammy-updates/main arm64 lshw arm64 02.19.git.2021.06.19.996aaad9c7-2ubuntu0.22.04.1 [294 kB]
Get:335 http://ports.ubuntu.com/ubuntu-ports jammy-updates/main arm64 pci.ids all 0.0~2022.01.22-1ubuntu0.1 [251 kB]
Get:336 http://ports.ubuntu.com/ubuntu-ports jammy-updates/main arm64 ubuntu-release-upgrader-gtk all 1:22.04.21 [9,128 B]
Get:337 http://ports.ubuntu.com/ubuntu-ports jammy-updates/main arm64 ubuntu-release-upgrader-core all 1:22.04.21 [26.3 kB]
Get:338 http://ports.ubuntu.com/ubuntu-ports jammy-updates/main arm64 update-manager all 1:22.04.22 [556 kB]
Get:339 http://ports.ubuntu.com/ubuntu-ports jammy-updates/main arm64 update-manager-core all 1:22.04.22 [11.6 kB]
Get:340 http://ports.ubuntu.com/ubuntu-ports jammy-updates/main arm64 python3-distupgrade all 1:22.04.21 [107 kB]
Get:341 http://ports.ubuntu.com/ubuntu-ports jammy-updates/main arm64 python3-update-manager all 1:22.04.22 [39.2 kB]
Get:342 http://ports.ubuntu.com/ubuntu-ports jammy-updates/main arm64 libvte-2.91-0 arm64 0.68.0-1ubuntu0.1 [198 kB]
Get:343 http://ports.ubuntu.com/ubuntu-ports jammy-updates/main arm64 libvte-2.91-common arm64 0.68.0-1ubuntu0.1 [9,326 B]
Get:344 http://ports.ubuntu.com/ubuntu-ports jammy-updates/main arm64 gir1.2-vte-2.91 arm64 0.68.0-1ubuntu0.1 [10.7 kB]
Get:345 http://ports.ubuntu.com/ubuntu-ports jammy-updates/main arm64 wget arm64 1.21.2-2ubuntu1.5 [335 kB]
Get:346 http://ports.ubuntu.com/ubuntu-ports jammy-updates/main arm64 xz-utils arm64 5.2.5-2ubuntu1.1 [84.3 kB]
Get:347 http://ports.ubuntu.com/ubuntu-ports jammy-updates/main arm64 alsa-ucm-conf all 1.2.6.3-1ubuntu1.12 [43.5 kB]
Get:348 http://ports.ubuntu.com/ubuntu-ports jammy-updates/main arm64 python3-httplib2 all 0.20.2-2ubuntu0.1 [33.4 kB]
Get:349 http://ports.ubuntu.com/ubuntu-ports jammy-updates/main arm64 python3-problem-report all 2.20.11-0ubuntu82.10 [11.4 kB]
Get:350 http://ports.ubuntu.com/ubuntu-ports jammy-updates/main arm64 python3-apport all 2.20.11-0ubuntu82.10 [89.0 kB]
Get:351 http://ports.ubuntu.com/ubuntu-ports jammy-updates/main arm64 apport all 2.20.11-0ubuntu82.10 [135 kB]
Get:352 http://ports.ubuntu.com/ubuntu-ports jammy-updates/main arm64 apport-gtk all 2.20.11-0ubuntu82.10 [9,608 B]
Get:353 http://ports.ubuntu.com/ubuntu-ports jammy-updates/main arm64 avahi-autoipd arm64 0.8-5ubuntu5.5 [40.7 kB]
Get:354 http://ports.ubuntu.com/ubuntu-ports jammy-updates/main arm64 libctf0 arm64 2.38-4ubuntu2.12 [103 kB]
Get:355 http://ports.ubuntu.com/ubuntu-ports jammy-updates/main arm64 libctf-nobfd0 arm64 2.38-4ubuntu2.12 [109 kB]
Get:356 http://ports.ubuntu.com/ubuntu-ports jammy-updates/main arm64 binutils-aarch64-linux-gnu arm64 2.38-4ubuntu2.12 [3,225 kB]
Get:357 http://ports.ubuntu.com/ubuntu-ports jammy-updates/main arm64 libbinutils arm64 2.38-4ubuntu2.12 [825 kB]
Get:358 http://ports.ubuntu.com/ubuntu-ports jammy-updates/main arm64 binutils arm64 2.38-4ubuntu2.12 [3,162 B]
Get:359 http://ports.ubuntu.com/ubuntu-ports jammy-updates/main arm64 binutils-common arm64 2.38-4ubuntu2.12 [223 kB]
Get:360 http://ports.ubuntu.com/ubuntu-ports jammy-updates/main arm64 bison arm64 2:3.8.2+dfsg-1ubuntu0.22.04.1 [739 kB]
Get:361 http://ports.ubuntu.com/ubuntu-ports jammy-updates/main arm64 bluez-obexd arm64 5.64-0ubuntu1.4 [230 kB]
Get:362 http://ports.ubuntu.com/ubuntu-ports jammy-updates/main arm64 klibc-utils arm64 2.0.10-4ubuntu0.2 [111 kB]
Get:363 http://ports.ubuntu.com/ubuntu-ports jammy-updates/main arm64 libklibc arm64 2.0.10-4ubuntu0.2 [50.9 kB]
Get:364 http://ports.ubuntu.com/ubuntu-ports jammy-updates/main arm64 linux-base all 4.5ubuntu9+22.04.1 [19.1 kB]
Get:365 http://ports.ubuntu.com/ubuntu-ports jammy-updates/main arm64 initramfs-tools-core all 0.140ubuntu13.5 [47.8 kB]
Get:366 http://ports.ubuntu.com/ubuntu-ports jammy-updates/main arm64 initramfs-tools all 0.140ubuntu13.5 [9,060 B]
Get:367 http://ports.ubuntu.com/ubuntu-ports jammy-updates/main arm64 initramfs-tools-bin arm64 0.140ubuntu13.5 [9,206 B]
Get:368 http://ports.ubuntu.com/ubuntu-ports jammy-updates/main arm64 busybox-initramfs arm64 1:1.30.1-7ubuntu3.1 [176 kB]
Get:369 http://ports.ubuntu.com/ubuntu-ports jammy-updates/main arm64 g++-11 arm64 11.4.0-1ubuntu1~22.04.3 [11.2 MB]
Get:370 http://ports.ubuntu.com/ubuntu-ports jammy-updates/main arm64 libstdc++-11-dev arm64 11.4.0-1ubuntu1~22.04.3 [2,089 kB]
Get:371 http://ports.ubuntu.com/ubuntu-ports jammy-updates/main arm64 gfortran-11 arm64 11.4.0-1ubuntu1~22.04.3 [11.0 MB]
Get:372 https://repo.download.nvidia.com/jetson/common r36.5/main arm64 libnvinfer-vc-plugin-dev arm64 10.3.0.30-1+cuda12.5 [77.7 kB]
Get:373 https://repo.download.nvidia.com/jetson/common r36.5/main arm64 libnvinfer-headers-plugin-dev arm64 10.3.0.30-1+cuda12.5 [6,056 B]
Get:374 https://repo.download.nvidia.com/jetson/common r36.5/main arm64 libnvinfer-plugin-dev arm64 10.3.0.30-1+cuda12.5 [5,129 kB]
Get:375 https://repo.download.nvidia.com/jetson/common r36.5/main arm64 libnvinfer-dispatch-dev arm64 10.3.0.30-1+cuda12.5 [114 kB]
Get:376 https://repo.download.nvidia.com/jetson/common r36.5/main arm64 libnvonnxparsers-dev arm64 10.3.0.30-1+cuda12.5 [1,849 kB]
Get:377 https://repo.download.nvidia.com/jetson/common r36.5/main arm64 libnvinfer-lean-dev arm64 10.3.0.30-1+cuda12.5 [16.9 MB]
Get:378 http://ports.ubuntu.com/ubuntu-ports jammy-updates/main arm64 libgfortran-11-dev arm64 11.4.0-1ubuntu1~22.04.3 [466 kB]
Get:379 http://ports.ubuntu.com/ubuntu-ports jammy-updates/main arm64 libasan6 arm64 11.4.0-1ubuntu1~22.04.3 [2,235 kB]
Get:380 http://ports.ubuntu.com/ubuntu-ports jammy-updates/main arm64 gcc-11 arm64 11.4.0-1ubuntu1~22.04.3 [19.5 MB]
Get:381 https://repo.download.nvidia.com/jetson/common r36.5/main arm64 libnvinfer-dev arm64 10.3.0.30-1+cuda12.5 [112 MB]
Get:382 http://ports.ubuntu.com/ubuntu-ports jammy-updates/main arm64 libgcc-11-dev arm64 11.4.0-1ubuntu1~22.04.3 [1,143 kB]
Get:383 http://ports.ubuntu.com/ubuntu-ports jammy-updates/main arm64 libtsan0 arm64 11.4.0-1ubuntu1~22.04.3 [2,239 kB]
Get:384 http://ports.ubuntu.com/ubuntu-ports jammy-updates/main arm64 cpp-11 arm64 11.4.0-1ubuntu1~22.04.3 [9,756 kB]
Get:385 http://ports.ubuntu.com/ubuntu-ports jammy-updates/main arm64 gcc-11-base arm64 11.4.0-1ubuntu1~22.04.3 [216 kB]
Get:386 http://ports.ubuntu.com/ubuntu-ports jammy-updates/main arm64 cryptsetup-bin arm64 2:2.4.3-1ubuntu1.3 [144 kB]
Get:387 http://ports.ubuntu.com/ubuntu-ports jammy-updates/main arm64 curl arm64 7.81.0-1ubuntu1.27 [190 kB]
Get:388 http://ports.ubuntu.com/ubuntu-ports jammy-updates/main arm64 libcurl4 arm64 7.81.0-1ubuntu1.27 [286 kB]
Get:389 http://ports.ubuntu.com/ubuntu-ports jammy-updates/main arm64 dns-root-data all 2024071801~ubuntu0.22.04.1 [6,132 B]
Get:390 http://ports.ubuntu.com/ubuntu-ports jammy-updates/main arm64 dnsmasq-base arm64 2.91-0ubuntu0.22.04.1 [368 kB]
Get:391 http://ports.ubuntu.com/ubuntu-ports jammy-updates/main arm64 libespeak-ng1 arm64 1.50+dfsg-10ubuntu0.1 [206 kB]
Get:392 http://ports.ubuntu.com/ubuntu-ports jammy-updates/main arm64 espeak-ng-data arm64 1.50+dfsg-10ubuntu0.1 [3,956 kB]
Get:393 http://ports.ubuntu.com/ubuntu-ports jammy-updates/main arm64 ethtool arm64 1:5.16-1ubuntu0.2 [208 kB]
Get:394 http://ports.ubuntu.com/ubuntu-ports jammy-updates/main arm64 evince-common all 42.3-0ubuntu3.2 [130 kB]
Get:395 http://ports.ubuntu.com/ubuntu-ports jammy-updates/main arm64 libarchive13 arm64 3.6.0-1ubuntu1.8 [367 kB]
Get:396 http://ports.ubuntu.com/ubuntu-ports jammy-updates/main arm64 libdjvulibre-text all 3.5.28-2ubuntu0.22.04.2 [51.1 kB]
Get:397 http://ports.ubuntu.com/ubuntu-ports jammy-updates/main arm64 libdjvulibre21 arm64 3.5.28-2ubuntu0.22.04.2 [590 kB]
Get:398 http://ports.ubuntu.com/ubuntu-ports jammy-updates/main arm64 libkpathsea6 arm64 2021.20210626.59705-1ubuntu0.3 [60.2 kB]
Get:399 http://ports.ubuntu.com/ubuntu-ports jammy-updates/main arm64 poppler-utils arm64 22.02.0-2ubuntu0.13 [178 kB]
Get:400 http://ports.ubuntu.com/ubuntu-ports jammy-updates/main arm64 libopenjp2-7 arm64 2.4.0-6ubuntu0.5 [155 kB]
Get:401 http://ports.ubuntu.com/ubuntu-ports jammy-updates/main arm64 libpoppler-glib8 arm64 22.02.0-2ubuntu0.13 [128 kB]
Get:402 http://ports.ubuntu.com/ubuntu-ports jammy-updates/main arm64 libpoppler118 arm64 22.02.0-2ubuntu0.13 [1,038 kB]
Get:403 http://ports.ubuntu.com/ubuntu-ports jammy-updates/main arm64 libsynctex2 arm64 2021.20210626.59705-1ubuntu0.3 [54.9 kB]
Get:404 http://ports.ubuntu.com/ubuntu-ports jammy-updates/main arm64 evince arm64 42.3-0ubuntu3.2 [290 kB]
Get:405 http://ports.ubuntu.com/ubuntu-ports jammy-updates/main arm64 libevdocument3-4 arm64 42.3-0ubuntu3.2 [174 kB]
Get:406 http://ports.ubuntu.com/ubuntu-ports jammy-updates/main arm64 libevview3-3 arm64 42.3-0ubuntu3.2 [139 kB]
Get:407 http://ports.ubuntu.com/ubuntu-ports jammy-updates/main arm64 libexif-dev arm64 0.6.24-1ubuntu0.22.04.1 [113 kB]
Get:408 http://ports.ubuntu.com/ubuntu-ports jammy-updates/main arm64 libexif12 arm64 0.6.24-1ubuntu0.22.04.1 [91.3 kB]
Get:409 http://ports.ubuntu.com/ubuntu-ports jammy-updates/main arm64 libgif7 arm64 5.1.9-2ubuntu0.3 [34.6 kB]
Get:410 http://ports.ubuntu.com/ubuntu-ports jammy-updates/main arm64 libgsf-1-common all 1.14.47-1ubuntu0.1 [13.0 kB]
Get:411 http://ports.ubuntu.com/ubuntu-ports jammy-updates/main arm64 libgsf-1-114 arm64 1.14.47-1ubuntu0.1 [108 kB]
Get:412 http://ports.ubuntu.com/ubuntu-ports jammy-updates/main arm64 tracker-miner-fs arm64 3.3.3-0ubuntu0.20.04.4 [71.7 kB]
Get:413 http://ports.ubuntu.com/ubuntu-ports jammy-updates/main arm64 tracker-extract arm64 3.3.3-0ubuntu0.20.04.4 [431 kB]
Get:414 http://ports.ubuntu.com/ubuntu-ports jammy-updates/main arm64 libblockdev-fs2 arm64 2.26-1ubuntu0.1 [21.5 kB]
Get:415 http://ports.ubuntu.com/ubuntu-ports jammy-updates/main arm64 libblockdev-loop2 arm64 2.26-1ubuntu0.1 [6,838 B]
Get:416 http://ports.ubuntu.com/ubuntu-ports jammy-updates/main arm64 libblockdev-swap2 arm64 2.26-1ubuntu0.1 [7,452 B]
Get:417 http://ports.ubuntu.com/ubuntu-ports jammy-updates/main arm64 libblockdev2 arm64 2.26-1ubuntu0.1 [45.5 kB]
Get:418 http://ports.ubuntu.com/ubuntu-ports jammy-updates/main arm64 udisks2 arm64 2.9.4-1ubuntu2.3 [276 kB]
Get:419 http://ports.ubuntu.com/ubuntu-ports jammy-updates/main arm64 gvfs-backends arm64 1.48.2-0ubuntu1.1 [367 kB]
Get:420 http://ports.ubuntu.com/ubuntu-ports jammy-updates/main arm64 gvfs-fuse arm64 1.48.2-0ubuntu1.1 [19.4 kB]
Get:421 http://ports.ubuntu.com/ubuntu-ports jammy-updates/main arm64 gvfs arm64 1.48.2-0ubuntu1.1 [115 kB]
Get:422 http://ports.ubuntu.com/ubuntu-ports jammy-updates/main arm64 gvfs-daemons arm64 1.48.2-0ubuntu1.1 [116 kB]
Get:423 http://ports.ubuntu.com/ubuntu-ports jammy-updates/main arm64 gvfs-libs arm64 1.48.2-0ubuntu1.1 [111 kB]
Get:424 http://ports.ubuntu.com/ubuntu-ports jammy-updates/main arm64 gvfs-common all 1.48.2-0ubuntu1.1 [9,740 B]
Get:425 http://ports.ubuntu.com/ubuntu-ports jammy-updates/main arm64 libcdio19 arm64 2.1.0-3ubuntu0.2 [64.4 kB]
Get:426 http://ports.ubuntu.com/ubuntu-ports jammy-updates/main arm64 libgphoto2-dev arm64 2.5.27-1ubuntu0.1 [34.3 kB]
Get:427 http://ports.ubuntu.com/ubuntu-ports jammy-updates/main arm64 libxpm4 arm64 1:3.5.12-1ubuntu0.22.04.3 [35.2 kB]
Get:428 http://ports.ubuntu.com/ubuntu-ports jammy-updates/main arm64 libgd3 arm64 2.3.0-2ubuntu2.3 [127 kB]
Get:429 http://ports.ubuntu.com/ubuntu-ports jammy-updates/main arm64 libgphoto2-port12 arm64 2.5.27-1ubuntu0.1 [57.1 kB]
Get:430 http://ports.ubuntu.com/ubuntu-ports jammy-updates/main arm64 libgphoto2-6 arm64 2.5.27-1ubuntu0.1 [718 kB]
Get:431 http://ports.ubuntu.com/ubuntu-ports jammy-updates/main arm64 libnfs13 arm64 4.0.0-1ubuntu0.1 [107 kB]
Get:432 http://ports.ubuntu.com/ubuntu-ports jammy-updates/main arm64 nautilus arm64 1:42.6-0ubuntu2 [602 kB]
Get:433 http://ports.ubuntu.com/ubuntu-ports jammy-updates/main arm64 nautilus-data all 1:42.6-0ubuntu2 [11.4 kB]
Get:434 http://ports.ubuntu.com/ubuntu-ports jammy-updates/main arm64 libnautilus-extension1a arm64 1:42.6-0ubuntu2 [15.7 kB]
Get:435 http://ports.ubuntu.com/ubuntu-ports jammy-updates/main arm64 fonts-noto-color-emoji all 2.047-0ubuntu0.22.04.1 [10.0 MB]
Get:436 http://ports.ubuntu.com/ubuntu-ports jammy-updates/main arm64 fonts-opensymbol all 2:102.12+LibO7.3.7-0ubuntu0.22.04.12 [103 kB]
Get:437 http://ports.ubuntu.com/ubuntu-ports jammy/main arm64 libftdi1-2 arm64 1.5-5build3 [28.1 kB]
Get:438 http://ports.ubuntu.com/ubuntu-ports jammy/main arm64 libflashrom1 arm64 1.2-5build1 [111 kB]
Get:439 http://ports.ubuntu.com/ubuntu-ports jammy-updates/main arm64 libjcat1 arm64 0.2.3-1~ubuntu0.22.04.1 [34.6 kB]
Get:440 http://ports.ubuntu.com/ubuntu-ports jammy-updates/main arm64 libfwupd3 arm64 2.0.20-1ubuntu2~22.04.2 [146 kB]
Get:441 http://ports.ubuntu.com/ubuntu-ports jammy-updates/main arm64 libprotobuf-c1 arm64 1.3.3-1ubuntu2.1 [20.7 kB]
Get:442 http://ports.ubuntu.com/ubuntu-ports jammy-updates/main arm64 libxmlb2 arm64 0.3.24-1~ubuntu0.22.04.1 [65.9 kB]
Get:443 http://ports.ubuntu.com/ubuntu-ports jammy-updates/main arm64 fwupd arm64 2.0.20-1ubuntu2~22.04.2 [4,185 kB]
Get:444 https://repo.download.nvidia.com/jetson/common r36.5/main arm64 libnvinfer-headers-dev arm64 10.3.0.30-1+cuda12.5 [108 kB]
Get:445 https://repo.download.nvidia.com/jetson/common r36.5/main arm64 cuda-toolkit-config-common all 12.6.68-1 [16.5 kB]
Get:446 http://ports.ubuntu.com/ubuntu-ports jammy-updates/main arm64 gdb arm64 12.1-0ubuntu1~22.04.2 [4,507 kB]
Get:447 https://repo.download.nvidia.com/jetson/common r36.5/main arm64 cuda-toolkit-12-config-common all 12.6.68-1 [16.5 kB]
Get:448 https://repo.download.nvidia.com/jetson/common r36.5/main arm64 cuda-toolkit-12-6-config-common all 12.6.68-1 [16.5 kB]
Get:449 http://ports.ubuntu.com/ubuntu-ports jammy-updates/universe arm64 gdbserver arm64 12.1-0ubuntu1~22.04.2 [253 kB]
Get:450 http://ports.ubuntu.com/ubuntu-ports jammy-updates/main arm64 ghostscript-x arm64 9.55.0~dfsg1-0ubuntu5.13 [48.0 kB]
Get:451 http://ports.ubuntu.com/ubuntu-ports jammy-updates/main arm64 ghostscript arm64 9.55.0~dfsg1-0ubuntu5.13 [49.7 kB]
Get:452 http://ports.ubuntu.com/ubuntu-ports jammy-updates/main arm64 libgs9 arm64 9.55.0~dfsg1-0ubuntu5.13 [4,948 kB]
Get:453 https://repo.download.nvidia.com/jetson/common r36.5/main arm64 cuda-cudart-12-6 arm64 12.6.68-1 [182 kB]
Get:454 https://repo.download.nvidia.com/jetson/common r36.5/main arm64 cuda-cccl-12-6 arm64 12.6.37-1 [974 kB]
Get:455 https://repo.download.nvidia.com/jetson/common r36.5/main arm64 cuda-driver-dev-12-6 arm64 12.6.68-1 [30.2 kB]
Get:456 https://repo.download.nvidia.com/jetson/common r36.5/main arm64 cuda-cudart-dev-12-6 arm64 12.6.68-1 [1,065 kB]
Get:457 https://repo.download.nvidia.com/jetson/t234 r36.5/main arm64 nvidia-l4t-core arm64 36.5.2-20260716114719 [3,688 kB]
Get:458 http://ports.ubuntu.com/ubuntu-ports jammy-updates/main arm64 libgs9-common all 9.55.0~dfsg1-0ubuntu5.13 [753 kB]
Get:459 http://ports.ubuntu.com/ubuntu-ports jammy-updates/main arm64 libidn12 arm64 1.38-4ubuntu1.1 [60.1 kB]
Get:460 http://ports.ubuntu.com/ubuntu-ports jammy-updates/main arm64 libjbig2dec0 arm64 0.19-3ubuntu0.1 [63.0 kB]
Get:461 http://ports.ubuntu.com/ubuntu-ports jammy-updates/main arm64 gir1.2-harfbuzz-0.0 arm64 2.7.4-1ubuntu3.2 [31.5 kB]
Get:462 http://ports.ubuntu.com/ubuntu-ports jammy-updates/main arm64 libpackagekit-glib2-18 arm64 1.2.5-2ubuntu3.1 [116 kB]
Get:463 http://ports.ubuntu.com/ubuntu-ports jammy-updates/main arm64 gir1.2-packagekitglib-1.0 arm64 1.2.5-2ubuntu3.1 [25.3 kB]
Get:464 http://ports.ubuntu.com/ubuntu-ports jammy-updates/main arm64 gnome-control-center-faces all 1:41.7-0ubuntu0.22.04.9 [1,218 kB]
Get:465 http://ports.ubuntu.com/ubuntu-ports jammy-updates/main arm64 gnome-shell-extension-ubuntu-dock all 72~ubuntu5.22.04.3 [95.0 kB]
Get:466 http://ports.ubuntu.com/ubuntu-ports jammy-updates/main arm64 gstreamer1.0-alsa arm64 1.20.1-1ubuntu0.6 [39.5 kB]
Get:467 http://ports.ubuntu.com/ubuntu-ports jammy-updates/main arm64 gstreamer1.0-gl arm64 1.20.1-1ubuntu0.6 [118 kB]
Get:468 https://repo.download.nvidia.com/jetson/t234 r36.5/main arm64 nvidia-l4t-initrd arm64 36.5.2-20260716114719 [14.9 MB]
Get:469 http://ports.ubuntu.com/ubuntu-ports jammy-updates/main arm64 gstreamer1.0-gtk3 arm64 1.20.3-0ubuntu1.8 [31.8 kB]
Get:470 http://ports.ubuntu.com/ubuntu-ports jammy-updates/main arm64 packagekit-tools arm64 1.2.5-2ubuntu3.1 [27.7 kB]
Get:471 http://ports.ubuntu.com/ubuntu-ports jammy-updates/main arm64 gstreamer1.0-packagekit arm64 1.2.5-2ubuntu3.1 [8,824 B]
Get:472 http://ports.ubuntu.com/ubuntu-ports jammy-updates/main arm64 packagekit arm64 1.2.5-2ubuntu3.1 [425 kB]
Get:473 http://ports.ubuntu.com/ubuntu-ports jammy-updates/main arm64 gstreamer1.0-tools arm64 1.20.3-0ubuntu1.1 [65.2 kB]
Get:474 http://ports.ubuntu.com/ubuntu-ports jammy-updates/main arm64 gstreamer1.0-plugins-base-apps arm64 1.20.1-1ubuntu0.6 [37.2 kB]
Get:475 http://ports.ubuntu.com/ubuntu-ports jammy-updates/main arm64 gstreamer1.0-pulseaudio arm64 1.20.3-0ubuntu1.8 [9,734 B]
Get:476 http://ports.ubuntu.com/ubuntu-ports jammy-updates/main arm64 gstreamer1.0-x arm64 1.20.1-1ubuntu0.6 [81.3 kB]
Get:477 http://ports.ubuntu.com/ubuntu-ports jammy-updates/main arm64 gtk-update-icon-cache arm64 3.24.33-1ubuntu2.2 [31.1 kB]
Get:478 http://ports.ubuntu.com/ubuntu-ports jammy-updates/main arm64 gtk2-engines-pixbuf arm64 2.24.33-2ubuntu2.1 [24.7 kB]
Get:479 http://ports.ubuntu.com/ubuntu-ports jammy-updates/universe arm64 libiperf0 arm64 3.9-1+deb11u1ubuntu0.1 [79.7 kB]
Get:480 http://ports.ubuntu.com/ubuntu-ports jammy-updates/universe arm64 iperf3 arm64 3.9-1+deb11u1ubuntu0.1 [14.5 kB]
Get:481 http://ports.ubuntu.com/ubuntu-ports jammy-updates/main arm64 ipp-usb arm64 0.9.20-1ubuntu0.22.04.2 [1,834 kB]
Get:482 http://ports.ubuntu.com/ubuntu-ports jammy-updates/main arm64 jq arm64 1.6-2.1ubuntu3.2 [52.1 kB]
Get:483 http://ports.ubuntu.com/ubuntu-ports jammy-updates/main arm64 libjq1 arm64 1.6-2.1ubuntu3.2 [127 kB]
Get:484 http://ports.ubuntu.com/ubuntu-ports jammy-updates/main arm64 libabsl20210324 arm64 0~20210324.2-2ubuntu0.3 [377 kB]
Get:485 http://ports.ubuntu.com/ubuntu-ports jammy-updates/universe arm64 libaom3 arm64 3.3.0-1ubuntu0.1 [1,415 kB]
Get:486 http://ports.ubuntu.com/ubuntu-ports jammy-updates/main arm64 libblockdev-crypto2 arm64 2.26-1ubuntu0.1 [17.3 kB]
Get:487 http://ports.ubuntu.com/ubuntu-ports jammy-updates/main arm64 libcupsfilters1 arm64 1.28.15-0ubuntu1.5 [127 kB]
Get:488 http://ports.ubuntu.com/ubuntu-ports jammy-updates/main arm64 libevent-dev arm64 2.1.12-stable-1ubuntu0.1 [286 kB]
Get:489 http://ports.ubuntu.com/ubuntu-ports jammy-updates/main arm64 libevent-pthreads-2.1-7 arm64 2.1.12-stable-1ubuntu0.1 [7,620 B]
Get:490 http://ports.ubuntu.com/ubuntu-ports jammy-updates/main arm64 libevent-openssl-2.1-7 arm64 2.1.12-stable-1ubuntu0.1 [14.6 kB]
Get:491 http://ports.ubuntu.com/ubuntu-ports jammy-updates/main arm64 libevent-extra-2.1-7 arm64 2.1.12-stable-1ubuntu0.1 [62.5 kB]
Get:492 http://ports.ubuntu.com/ubuntu-ports jammy-updates/main arm64 libevent-core-2.1-7 arm64 2.1.12-stable-1ubuntu0.1 [91.5 kB]
Get:493 http://ports.ubuntu.com/ubuntu-ports jammy-updates/main arm64 libevent-2.1-7 arm64 2.1.12-stable-1ubuntu0.1 [142 kB]
Get:494 http://ports.ubuntu.com/ubuntu-ports jammy-updates/main arm64 libexiv2-27 arm64 0.27.5-3ubuntu1.3 [794 kB]
Get:495 http://ports.ubuntu.com/ubuntu-ports jammy-updates/main arm64 libfprint-2-2 arm64 1:1.94.3+tod1-0ubuntu2~22.04.08 [285 kB]
Get:496 http://ports.ubuntu.com/ubuntu-ports jammy-updates/main arm64 libgtk2.0-common all 2.24.33-2ubuntu2.1 [125 kB]
Get:497 http://ports.ubuntu.com/ubuntu-ports jammy-updates/main arm64 libgtk2.0-bin arm64 2.24.33-2ubuntu2.1 [7,936 B]
Get:498 http://ports.ubuntu.com/ubuntu-ports jammy-updates/main arm64 libgail-common arm64 2.24.33-2ubuntu2.1 [128 kB]
Get:499 http://ports.ubuntu.com/ubuntu-ports jammy-updates/main arm64 libgail18 arm64 2.24.33-2ubuntu2.1 [14.8 kB]
Get:500 http://ports.ubuntu.com/ubuntu-ports jammy-updates/main arm64 libgtk2.0-0 arm64 2.24.33-2ubuntu2.1 [1,981 kB]
Get:501 http://ports.ubuntu.com/ubuntu-ports jammy-updates/main arm64 libgdk-pixbuf2.0-bin arm64 2.42.8+dfsg-1ubuntu0.5 [14.1 kB]
Get:502 http://ports.ubuntu.com/ubuntu-ports jammy-updates/main arm64 libglib2.0-doc all 2.72.4-0ubuntu2.9 [1,435 kB]
Get:503 https://repo.download.nvidia.com/jetson/t234 r36.5/main arm64 nvidia-l4t-xusb-firmware arm64 36.5.2-20260716114719 [170 kB]
Get:504 https://repo.download.nvidia.com/jetson/t234 r36.5/main arm64 nvidia-l4t-jetson-io arm64 36.5.2-20260716114719 [40.9 kB]
Get:505 https://repo.download.nvidia.com/jetson/t234 r36.5/main arm64 nvidia-l4t-configs arm64 36.5.2-20260716114719 [1,454 kB]
Get:506 https://repo.download.nvidia.com/jetson/t234 r36.5/main arm64 nvidia-l4t-display-kernel arm64 5.15.199-tegra-36.5.2-20260716114719 [1,201 kB]
Get:507 https://repo.download.nvidia.com/jetson/t234 r36.5/main arm64 nvidia-l4t-kernel-oot-modules arm64 5.15.199-tegra-36.5.2-20260716114719 [7,389 kB]
Get:508 http://ports.ubuntu.com/ubuntu-ports jammy-updates/main arm64 libgtk-4-bin arm64 4.6.9+ds-0ubuntu0.22.04.2 [2,774 kB]
Get:509 http://ports.ubuntu.com/ubuntu-ports jammy-updates/main arm64 libhtml-parser-perl arm64 3.76-1ubuntu0.1 [87.3 kB]
Get:510 http://ports.ubuntu.com/ubuntu-ports jammy-updates/main arm64 libhttp-date-perl all 6.05-1ubuntu0.1 [10.8 kB]
Get:511 http://ports.ubuntu.com/ubuntu-ports jammy-updates/main arm64 libhttp-daemon-perl all 6.13-1ubuntu0.2 [24.2 kB]
Get:512 http://ports.ubuntu.com/ubuntu-ports jammy-updates/main arm64 libiniparser1 arm64 4.1-4ubuntu4.2 [11.2 kB]
Get:513 http://ports.ubuntu.com/ubuntu-ports jammy-updates/main arm64 liblcms2-utils arm64 2.12~rc1-2ubuntu0.1 [41.6 kB]
Get:514 http://ports.ubuntu.com/ubuntu-ports jammy-updates/universe arm64 libmalcontent-0-0 arm64 0.10.4-1ubuntu0.22.04.1 [22.8 kB]
Get:515 http://ports.ubuntu.com/ubuntu-ports jammy-updates/main arm64 libmbim-proxy arm64 1.28.0-1~ubuntu20.04.2 [5,906 B]
Get:516 http://ports.ubuntu.com/ubuntu-ports jammy-updates/main arm64 libmbim-glib4 arm64 1.28.0-1~ubuntu20.04.2 [187 kB]
Get:517 http://ports.ubuntu.com/ubuntu-ports jammy-updates/main arm64 libmysqlclient21 arm64 8.0.46-0ubuntu0.22.04.4 [1,315 kB]
Get:518 http://ports.ubuntu.com/ubuntu-ports jammy-updates/main arm64 ncurses-term all 6.3-2ubuntu0.3 [268 kB]
Get:519 http://ports.ubuntu.com/ubuntu-ports jammy-updates/universe arm64 libncurses5 arm64 6.3-2ubuntu0.3 [103 kB]
Get:520 http://ports.ubuntu.com/ubuntu-ports jammy-updates/universe arm64 libtinfo5 arm64 6.3-2ubuntu0.3 [99.8 kB]
Get:521 http://ports.ubuntu.com/ubuntu-ports jammy-updates/main arm64 libpipewire-0.3-common all 0.3.48-1ubuntu3.2 [4,278 B]
Get:522 http://ports.ubuntu.com/ubuntu-ports jammy-updates/main arm64 libpq5 arm64 14.24-0ubuntu0.22.04.1 [152 kB]
Get:523 http://ports.ubuntu.com/ubuntu-ports jammy-updates/main arm64 libprotobuf23 arm64 3.12.4-1ubuntu7.22.04.6 [810 kB]
Get:524 http://ports.ubuntu.com/ubuntu-ports jammy-updates/main arm64 librabbitmq4 arm64 0.10.0-1ubuntu2.2 [39.9 kB]
Get:525 http://ports.ubuntu.com/ubuntu-ports jammy-updates/main arm64 librbd1 arm64 17.2.9-0ubuntu0.22.04.3 [3,309 kB]
Get:526 https://repo.download.nvidia.com/jetson/t234 r36.5/main arm64 nvidia-l4t-kernel-oot-headers arm64 5.15.199-tegra-36.5.2-20260716114719 [397 kB]
Get:527 https://repo.download.nvidia.com/jetson/t234 r36.5/main arm64 nvidia-l4t-kernel-headers arm64 5.15.199-tegra-36.5.2-20260716114719 [17.7 MB]
Get:528 http://ports.ubuntu.com/ubuntu-ports jammy-updates/main arm64 librados2 arm64 17.2.9-0ubuntu0.22.04.3 [3,455 kB]
Get:529 http://ports.ubuntu.com/ubuntu-ports jammy-updates/main arm64 libraptor2-0 arm64 2.0.15-0ubuntu4.1 [169 kB]
Get:530 http://ports.ubuntu.com/ubuntu-ports jammy-updates/main arm64 libraw20 arm64 0.20.2-2ubuntu2.22.04.3 [351 kB]
Get:531 http://ports.ubuntu.com/ubuntu-ports jammy-updates/main arm64 libuno-sal3 arm64 1:7.3.7-0ubuntu0.22.04.12 [189 kB]
Get:532 http://ports.ubuntu.com/ubuntu-ports jammy-updates/main arm64 libuno-salhelpergcc3-3 arm64 1:7.3.7-0ubuntu0.22.04.12 [16.7 kB]
Get:533 http://ports.ubuntu.com/ubuntu-ports jammy-updates/main arm64 libuno-cppu3 arm64 1:7.3.7-0ubuntu0.22.04.12 [83.7 kB]
Get:534 http://ports.ubuntu.com/ubuntu-ports jammy-updates/main arm64 libuno-cppuhelpergcc3-3 arm64 1:7.3.7-0ubuntu0.22.04.12 [316 kB]
Get:535 http://ports.ubuntu.com/ubuntu-ports jammy-updates/main arm64 ure arm64 1:7.3.7-0ubuntu0.22.04.12 [1,269 kB]
Get:536 http://ports.ubuntu.com/ubuntu-ports jammy-updates/main arm64 uno-libs-private arm64 1:7.3.7-0ubuntu0.22.04.12 [215 kB]
Get:537 http://ports.ubuntu.com/ubuntu-ports jammy-updates/main arm64 libuno-purpenvhelpergcc3-3 arm64 1:7.3.7-0ubuntu0.22.04.12 [15.7 kB]
Get:538 http://ports.ubuntu.com/ubuntu-ports jammy-updates/main arm64 libreoffice-calc arm64 1:7.3.7-0ubuntu0.22.04.12 [7,813 kB]
Get:539 https://repo.download.nvidia.com/jetson/t234 r36.5/main arm64 nvidia-l4t-kernel-dtbs arm64 5.15.199-tegra-36.5.2-20260716114719 [249 kB]
Get:540 https://repo.download.nvidia.com/jetson/t234 r36.5/main arm64 nvidia-l4t-kernel arm64 5.15.199-tegra-36.5.2-20260716114719 [89.4 MB]
Get:541 http://ports.ubuntu.com/ubuntu-ports jammy-updates/main arm64 libreoffice-impress arm64 1:7.3.7-0ubuntu0.22.04.12 [1,277 kB]
Get:542 http://ports.ubuntu.com/ubuntu-ports jammy-updates/main arm64 libreoffice-draw arm64 1:7.3.7-0ubuntu0.22.04.12 [2,961 kB]
Get:543 http://ports.ubuntu.com/ubuntu-ports jammy-updates/main arm64 libreoffice-math arm64 1:7.3.7-0ubuntu0.22.04.12 [569 kB]
Get:544 http://ports.ubuntu.com/ubuntu-ports jammy-updates/main arm64 libreoffice-common all 1:7.3.7-0ubuntu0.22.04.12 [23.4 MB]
Get:545 http://ports.ubuntu.com/ubuntu-ports jammy-updates/main arm64 libreoffice-gnome arm64 1:7.3.7-0ubuntu0.22.04.12 [69.9 kB]
Get:546 http://ports.ubuntu.com/ubuntu-ports jammy-updates/main arm64 libreoffice-gtk3 arm64 1:7.3.7-0ubuntu0.22.04.12 [469 kB]
Get:547 http://ports.ubuntu.com/ubuntu-ports jammy-updates/main arm64 libreoffice-base-core arm64 1:7.3.7-0ubuntu0.22.04.12 [894 kB]
Get:548 http://ports.ubuntu.com/ubuntu-ports jammy-updates/main arm64 python3-uno arm64 1:7.3.7-0ubuntu0.22.04.12 [139 kB]
Get:549 http://ports.ubuntu.com/ubuntu-ports jammy-updates/main arm64 libreoffice-writer arm64 1:7.3.7-0ubuntu0.22.04.12 [9,600 kB]
Get:550 http://ports.ubuntu.com/ubuntu-ports jammy-updates/main arm64 libreoffice-core arm64 1:7.3.7-0ubuntu0.22.04.12 [37.4 MB]
Get:551 https://repo.download.nvidia.com/jetson/t234 r36.5/main arm64 nvidia-l4t-tools arm64 36.5.2-20260716114719 [6,631 kB]
Get:552 https://repo.download.nvidia.com/jetson/t234 r36.5/main arm64 nvidia-l4t-bootloader arm64 36.5.2-20260716114719 [116 MB]
Get:553 http://ports.ubuntu.com/ubuntu-ports jammy-updates/main arm64 libreoffice-style-colibre all 1:7.3.7-0ubuntu0.22.04.12 [1,294 kB]
Get:554 http://ports.ubuntu.com/ubuntu-ports jammy-updates/main arm64 libreoffice-style-breeze all 1:7.3.7-0ubuntu0.22.04.12 [3,115 kB]
Get:555 http://ports.ubuntu.com/ubuntu-ports jammy-updates/main arm64 libreoffice-style-elementary all 1:7.3.7-0ubuntu0.22.04.12 [8,020 kB]
Get:556 http://ports.ubuntu.com/ubuntu-ports jammy-updates/main arm64 libreoffice-style-yaru all 1:7.3.7-0ubuntu0.22.04.12 [3,761 kB]
Get:557 http://ports.ubuntu.com/ubuntu-ports jammy-updates/main arm64 libslirp0 arm64 4.6.1-1ubuntu0.2 [60.9 kB]
Get:558 http://ports.ubuntu.com/ubuntu-ports jammy-updates/main arm64 libsnmp-base all 5.9.1+dfsg-1ubuntu2.9 [201 kB]
Get:559 http://ports.ubuntu.com/ubuntu-ports jammy-updates/main arm64 libsnmp40 arm64 5.9.1+dfsg-1ubuntu2.9 [1,115 kB]
Get:560 http://ports.ubuntu.com/ubuntu-ports jammy-updates/main arm64 libssh-gcrypt-4 arm64 0.9.6-2ubuntu0.22.04.8 [226 kB]
Get:561 http://ports.ubuntu.com/ubuntu-ports jammy-updates/main arm64 libsysmetrics1 arm64 1.7.1ubuntu0.1 [1,775 kB]
Get:562 http://ports.ubuntu.com/ubuntu-ports jammy-updates/main arm64 libtss2-mu0 arm64 3.2.0-1ubuntu1.1 [58.0 kB]
Get:563 http://ports.ubuntu.com/ubuntu-ports jammy-updates/main arm64 libtss2-tcti-cmd0 arm64 3.2.0-1ubuntu1.1 [16.2 kB]
Get:564 http://ports.ubuntu.com/ubuntu-ports jammy-updates/main arm64 libtss2-tcti-device0 arm64 3.2.0-1ubuntu1.1 [15.1 kB]
Get:565 http://ports.ubuntu.com/ubuntu-ports jammy-updates/main arm64 libtss2-tcti-mssim0 arm64 3.2.0-1ubuntu1.1 [15.3 kB]
Get:566 http://ports.ubuntu.com/ubuntu-ports jammy-updates/main arm64 libtss2-tcti-swtpm0 arm64 3.2.0-1ubuntu1.1 [15.2 kB]
Get:567 http://ports.ubuntu.com/ubuntu-ports jammy-updates/main arm64 libtss2-sys1 arm64 3.2.0-1ubuntu1.1 [39.2 kB]
Get:568 http://ports.ubuntu.com/ubuntu-ports jammy-updates/main arm64 libtss2-esys-3.0.2-0 arm64 3.2.0-1ubuntu1.1 [133 kB]
Get:569 http://ports.ubuntu.com/ubuntu-ports jammy-updates/main arm64 libtss2-rc0 arm64 3.2.0-1ubuntu1.1 [11.5 kB]
Get:570 http://ports.ubuntu.com/ubuntu-ports jammy-updates/main arm64 libtss2-tctildr0 arm64 3.2.0-1ubuntu1.1 [16.1 kB]
Get:571 http://ports.ubuntu.com/ubuntu-ports jammy-updates/main arm64 libvncclient1 arm64 0.9.13+dfsg-3ubuntu0.2 [69.6 kB]
Get:572 http://ports.ubuntu.com/ubuntu-ports jammy-updates/main arm64 libwww-perl all 6.61-1ubuntu0.1 [142 kB]
Get:573 http://ports.ubuntu.com/ubuntu-ports jammy-updates/main arm64 libxml-parser-perl arm64 2.46-3ubuntu0.1 [211 kB]
Get:574 http://ports.ubuntu.com/ubuntu-ports jammy-updates/main arm64 libxnvctrl0 arm64 510.47.03-0ubuntu1.22.04.1 [11.2 kB]
Get:575 http://ports.ubuntu.com/ubuntu-ports jammy-updates/main arm64 yelp-xsl all 42.0-1ubuntu0.1 [201 kB]
Get:576 http://ports.ubuntu.com/ubuntu-ports jammy-updates/main arm64 yelp arm64 42.1-1ubuntu0.2 [552 kB]
Get:577 http://ports.ubuntu.com/ubuntu-ports jammy-updates/main arm64 libyelp0 arm64 42.1-1ubuntu0.2 [100 kB]
Get:578 http://ports.ubuntu.com/ubuntu-ports jammy-updates/main arm64 linux-firmware all 20220329.git681281e4-0ubuntu3.42 [316 MB]
Get:579 https://repo.download.nvidia.com/jetson/t234 r36.5/main arm64 nvidia-l4t-x11 arm64 36.5.2-20260716114719 [111 kB]
Get:580 https://repo.download.nvidia.com/jetson/t234 r36.5/main arm64 nvidia-l4t-nvpmodel arm64 36.5.2-20260716114719 [48.8 kB]
Get:581 https://repo.download.nvidia.com/jetson/t234 r36.5/main arm64 nvidia-l4t-nvpmodel-gui-tools arm64 36.5.2-20260716114719 [34.7 kB]
Get:582 https://repo.download.nvidia.com/jetson/t234 r36.5/main arm64 nvidia-l4t-nvfancontrol arm64 36.5.2-20260716114719 [36.6 kB]
Get:583 https://repo.download.nvidia.com/jetson/t234 r36.5/main arm64 nvidia-l4t-jetsonpower-gui-tools arm64 36.5.2-20260716114719 [68.3 kB]
Get:584 https://repo.download.nvidia.com/jetson/t234 r36.5/main arm64 nvidia-l4t-init arm64 36.5.2-20260716114719 [105 kB]
Get:585 https://repo.download.nvidia.com/jetson/t234 r36.5/main arm64 nvidia-l4t-libwayland-client0 arm64 36.5.2-20260716114719 [50.0 kB]
Get:586 https://repo.download.nvidia.com/jetson/t234 r36.5/main arm64 nvidia-l4t-libwayland-server0 arm64 36.5.2-20260716114719 [58.6 kB]
Get:587 https://repo.download.nvidia.com/jetson/t234 r36.5/main arm64 nvidia-l4t-wayland arm64 36.5.2-20260716114719 [50.4 kB]
Get:588 https://repo.download.nvidia.com/jetson/t234 r36.5/main arm64 nvidia-l4t-libwayland-cursor0 arm64 36.5.2-20260716114719 [31.1 kB]
Get:589 https://repo.download.nvidia.com/jetson/t234 r36.5/main arm64 nvidia-l4t-libwayland-egl1 arm64 36.5.2-20260716114719 [22.9 kB]
Get:590 https://repo.download.nvidia.com/jetson/t234 r36.5/main arm64 nvidia-l4t-openwfd arm64 36.5.2-20260716114719 [131 kB]
Get:591 https://repo.download.nvidia.com/jetson/t234 r36.5/main arm64 nvidia-l4t-vulkan-sc arm64 36.5.2-20260716114719 [510 kB]
Get:592 https://repo.download.nvidia.com/jetson/t234 r36.5/main arm64 nvidia-l4t-vulkan-sc-dev arm64 36.5.2-20260716114719 [11.2 MB]
Get:593 https://repo.download.nvidia.com/jetson/t234 r36.5/main arm64 nvidia-l4t-vulkan-sc-sdk arm64 36.5.2-20260716114719 [5,412 kB]
Get:594 https://repo.download.nvidia.com/jetson/t234 r36.5/main arm64 nvidia-l4t-vulkan-sc-samples arm64 36.5.2-20260716114719 [543 kB]
Get:595 https://repo.download.nvidia.com/jetson/t234 r36.5/main arm64 nvidia-l4t-pva arm64 36.5.2-20260716114719 [55.3 kB]
Get:596 https://repo.download.nvidia.com/jetson/t234 r36.5/main arm64 nvidia-l4t-nvsci arm64 36.5.2-20260716114719 [416 kB]
Get:597 https://repo.download.nvidia.com/jetson/common r36.5/main arm64 nvidia-l4t-gstreamer arm64 36.5.2-20260716114719 [1,505 kB]
Get:598 https://repo.download.nvidia.com/jetson/t234 r36.5/main arm64 nvidia-l4t-multimedia arm64 36.5.2-20260716114719 [13.0 MB]
Get:599 https://repo.download.nvidia.com/jetson/t234 r36.5/main arm64 nvidia-l4t-cuda arm64 36.5.2-20260716114719 [6,661 kB]
Get:600 https://repo.download.nvidia.com/jetson/t234 r36.5/main arm64 nvidia-l4t-camera arm64 36.5.2-20260716114719 [5,936 kB]
Get:601 https://repo.download.nvidia.com/jetson/t234 r36.5/main arm64 nvidia-l4t-graphics-demos arm64 36.5.2-20260716114719 [28.9 MB]
Get:602 https://repo.download.nvidia.com/jetson/t234 r36.5/main arm64 nvidia-l4t-multimedia-utils arm64 36.5.2-20260716114719 [272 kB]
Get:603 https://repo.download.nvidia.com/jetson/t234 r36.5/main arm64 nvidia-l4t-weston arm64 36.5.2-20260716114719 [1,626 kB]
Get:604 https://repo.download.nvidia.com/jetson/t234 r36.5/main arm64 nvidia-l4t-gbm arm64 36.5.2-20260716114719 [47.3 kB]
Get:605 https://repo.download.nvidia.com/jetson/t234 r36.5/main arm64 nvidia-l4t-3d-core arm64 36.5.2-20260716114719 [89.3 MB]
Get:606 https://repo.download.nvidia.com/jetson/t234 r36.5/main arm64 nvidia-l4t-optee arm64 36.5.2-20260716114719 [2,110 kB]
Get:607 https://repo.download.nvidia.com/jetson/t234 r36.5/main arm64 nvidia-l4t-oem-config arm64 36.5.2-20260716114719 [47.4 kB]
Get:608 https://repo.download.nvidia.com/jetson/t234 r36.5/main arm64 nvidia-l4t-nvml arm64 36.5.2-20260716114719 [861 kB]
Get:609 https://repo.download.nvidia.com/jetson/common r36.5/main arm64 nvidia-l4t-dla-compiler arm64 36.5.2-20260716114719 [2,791 kB]
Get:610 https://repo.download.nvidia.com/jetson/t234 r36.5/main arm64 nvidia-l4t-apt-source arm64 36.5.2-20260716114719 [25.4 kB]
Get:611 https://repo.download.nvidia.com/jetson/t234 r36.5/main arm64 nvidia-l4t-firmware arm64 36.5.2-20260716114719 [1,734 kB]
Get:612 https://repo.download.nvidia.com/jetson/common r36.5/main arm64 nvidia-l4t-cudadebuggingsupport arm64 12.6-34622040.0 [2,620 kB]
Get:613 https://repo.download.nvidia.com/jetson/common r36.5/main arm64 nvidia-l4t-jetson-multimedia-api arm64 36.5.2-20260716114719 [75.4 MB]
Get:614 https://repo.download.nvidia.com/jetson/t234 r36.5/main arm64 python-jetson-gpio arm64 2.1.9ubuntu1 [24.6 kB]
Get:615 https://repo.download.nvidia.com/jetson/t234 r36.5/main arm64 python3-jetson-gpio arm64 2.1.9ubuntu1 [24.5 kB]
Get:616 https://repo.download.nvidia.com/jetson/t234 r36.5/main arm64 jetson-gpio-common arm64 2.1.9ubuntu1 [17.3 kB]
Get:617 https://repo.download.nvidia.com/jetson/common r36.5/main arm64 libnvidia-container1 arm64 1.16.2-1 [812 kB]
Get:618 https://repo.download.nvidia.com/jetson/common r36.5/main arm64 libnvidia-container-tools arm64 1.16.2-1 [19.6 kB]
Get:619 https://repo.download.nvidia.com/jetson/common r36.5/main arm64 libnvvpi3 arm64 3.2.4 [33.8 MB]
Get:620 https://repo.download.nvidia.com/jetson/common r36.5/main arm64 nvidia-container-toolkit arm64 1.16.2-1 [1,024 kB]
Get:621 https://repo.download.nvidia.com/jetson/common r36.5/main arm64 nvidia-container-toolkit-base arm64 1.16.2-1 [3,269 kB]
Get:622 https://repo.download.nvidia.com/jetson/common r36.5/main arm64 pva-allow-2 all 2.0.5 [15.4 kB]
Get:623 https://repo.download.nvidia.com/jetson/common r36.5/main arm64 python3.10-vpi3 arm64 3.2.4 [753 kB]
Get:624 https://repo.download.nvidia.com/jetson/common r36.5/main arm64 tensorrt-libs arm64 10.3.0.30-1+cuda12.5 [2,930 B]
Get:625 https://repo.download.nvidia.com/jetson/common r36.5/main arm64 vpi3-dev arm64 3.2.4 [91.3 kB]
Get:626 https://repo.download.nvidia.com/jetson/common r36.5/main arm64 vpi3-python-src arm64 3.2.4 [706 kB]
Get:627 https://repo.download.nvidia.com/jetson/common r36.5/main arm64 vpi3-samples arm64 3.2.4 [17.2 MB]
Get:628 http://ports.ubuntu.com/ubuntu-ports jammy-updates/main arm64 mailcap all 3.70+nmu1ubuntu1.22.04.1 [23.9 kB]
Get:629 http://ports.ubuntu.com/ubuntu-ports jammy-updates/main arm64 modemmanager arm64 1.20.0-1~ubuntu22.04.4 [1,046 kB]
Get:630 http://ports.ubuntu.com/ubuntu-ports jammy-updates/main arm64 net-tools arm64 1.60+git20181103.0eebece-1ubuntu5.4 [208 kB]
Get:631 http://ports.ubuntu.com/ubuntu-ports jammy-updates/main arm64 network-manager-config-connectivity-ubuntu all 1.36.6-0ubuntu2.5 [2,240 B]
Get:632 http://ports.ubuntu.com/ubuntu-ports jammy-updates/main arm64 network-manager-openvpn-gnome arm64 1.8.18-1ubuntu0.2 [47.1 kB]
Get:633 http://ports.ubuntu.com/ubuntu-ports jammy-updates/main arm64 openvpn arm64 2.5.11-0ubuntu0.22.04.4 [607 kB]
Get:634 http://ports.ubuntu.com/ubuntu-ports jammy-updates/main arm64 network-manager-openvpn arm64 1.8.18-1ubuntu0.2 [54.8 kB]
Get:635 http://ports.ubuntu.com/ubuntu-ports jammy-updates/main arm64 python3-attr all 21.2.0-1ubuntu1 [43.9 kB]
Get:636 http://ports.ubuntu.com/ubuntu-ports jammy-updates/main arm64 python3-cryptography arm64 3.4.8-1ubuntu2.4 [222 kB]
Get:637 http://ports.ubuntu.com/ubuntu-ports jammy-updates/main arm64 python3-idna all 3.3-1ubuntu0.2 [52.7 kB]
Get:638 http://ports.ubuntu.com/ubuntu-ports jammy-updates/main arm64 python3-jwt all 2.3.0-1ubuntu0.3 [17.3 kB]
Get:639 http://ports.ubuntu.com/ubuntu-ports jammy-updates/main arm64 python3-mako all 1.1.3+ds1-2ubuntu0.2 [60.5 kB]
Get:640 http://ports.ubuntu.com/ubuntu-ports jammy-updates/main arm64 python3-paramiko all 2.9.3-0ubuntu1.3 [134 kB]
Get:641 http://ports.ubuntu.com/ubuntu-ports jammy-updates/universe arm64 python3-pil.imagetk arm64 9.0.1-1ubuntu0.5 [9,622 B]
Get:642 http://ports.ubuntu.com/ubuntu-ports jammy-updates/main arm64 python3-pil arm64 9.0.1-1ubuntu0.5 [412 kB]
Get:643 http://ports.ubuntu.com/ubuntu-ports jammy-updates/main arm64 python3-protobuf arm64 3.12.4-1ubuntu7.22.04.6 [353 kB]
Get:644 http://ports.ubuntu.com/ubuntu-ports jammy-updates/main arm64 python3-urllib3 all 1.26.5-1~exp1ubuntu0.7 [98.6 kB]
Get:645 http://ports.ubuntu.com/ubuntu-ports jammy-updates/main arm64 python3-requests all 2.25.1+dfsg-2ubuntu0.3 [48.8 kB]
Get:646 http://ports.ubuntu.com/ubuntu-ports jammy-updates/main arm64 python3-urwid arm64 2.1.2-2ubuntu0.1 [171 kB]
Get:647 http://ports.ubuntu.com/ubuntu-ports jammy-updates/main arm64 python3-zipp all 1.0.0-3ubuntu0.1 [6,288 B]
Get:648 http://ports.ubuntu.com/ubuntu-ports jammy-updates/main arm64 rfkill arm64 2.37.2-4ubuntu3.6 [20.0 kB]
Get:649 http://ports.ubuntu.com/ubuntu-ports jammy-updates/main arm64 snapd arm64 2.76.3+ubuntu22.04 [30.8 MB]
Get:650 http://ports.ubuntu.com/ubuntu-ports jammy-updates/main arm64 thunderbird arm64 1:140.7.1+build1-0ubuntu0.22.04.1 [74.6 MB]
Get:651 http://ports.ubuntu.com/ubuntu-ports jammy-updates/main arm64 thunderbird-gnome-support arm64 1:140.7.1+build1-0ubuntu0.22.04.1 [8,630 B]
Get:652 http://ports.ubuntu.com/ubuntu-ports jammy-updates/main arm64 transmission-common all 3.00-2ubuntu2.2 [206 kB]
Get:653 http://ports.ubuntu.com/ubuntu-ports jammy-updates/main arm64 transmission-gtk arm64 3.00-2ubuntu2.2 [403 kB]
Get:654 http://ports.ubuntu.com/ubuntu-ports jammy-updates/main arm64 ubuntu-advantage-desktop-daemon arm64 1.10.ubuntu0.22.04.2 [21.9 kB]
Get:655 http://ports.ubuntu.com/ubuntu-ports jammy-updates/main arm64 wpasupplicant arm64 2:2.10-6ubuntu2.4 [1,451 kB]
Get:656 http://ports.ubuntu.com/ubuntu-ports jammy-updates/main arm64 ubuntu-desktop-minimal arm64 1.481.5 [3,764 B]
Get:657 http://ports.ubuntu.com/ubuntu-ports jammy-updates/main arm64 ubuntu-desktop arm64 1.481.5 [2,580 B]
Get:658 http://ports.ubuntu.com/ubuntu-ports jammy-updates/main arm64 ubuntu-report arm64 1.7.1ubuntu0.1 [2,128 kB]
Get:659 http://ports.ubuntu.com/ubuntu-ports jammy-updates/main arm64 usbmuxd arm64 1.1.1-2ubuntu0.1 [41.9 kB]
Get:660 http://ports.ubuntu.com/ubuntu-ports jammy-updates/main arm64 wireless-regdb all 2026.05.30-0ubuntu1~22.04.1 [10.2 kB]
Get:661 http://ports.ubuntu.com/ubuntu-ports jammy-updates/main arm64 xdg-desktop-portal arm64 1.14.4-1ubuntu2~22.04.2 [257 kB]
Get:662 http://ports.ubuntu.com/ubuntu-ports jammy-updates/main arm64 xdg-desktop-portal-gnome arm64 42.1-0ubuntu2 [104 kB]
Get:663 http://ports.ubuntu.com/ubuntu-ports jammy-updates/main arm64 xserver-xephyr arm64 2:21.1.4-2ubuntu1.7~22.04.16 [999 kB]
Get:664 http://ports.ubuntu.com/ubuntu-ports jammy-updates/main arm64 xwayland arm64 2:22.1.1-1ubuntu0.20 [917 kB]
Get:665 http://ports.ubuntu.com/ubuntu-ports jammy-updates/universe arm64 gnupg2 all 2.2.27-3ubuntu2.5 [5,544 B]
Get:666 http://ports.ubuntu.com/ubuntu-ports jammy-updates/main arm64 libgl1-mesa-dev arm64 23.2.1-1ubuntu3.1~22.04.4 [7,012 B]
Get:667 http://ports.ubuntu.com/ubuntu-ports jammy-updates/main arm64 sssd arm64 2.6.3-1ubuntu3.9 [4,110 B]
Get:668 http://ports.ubuntu.com/ubuntu-ports jammy-updates/main arm64 python3-sss arm64 2.6.3-1ubuntu3.9 [40.8 kB]
Get:669 http://ports.ubuntu.com/ubuntu-ports jammy-updates/main arm64 sssd-proxy arm64 2.6.3-1ubuntu3.9 [41.9 kB]
Get:670 http://ports.ubuntu.com/ubuntu-ports jammy-updates/main arm64 sssd-krb5 arm64 2.6.3-1ubuntu3.9 [13.9 kB]
Get:671 http://ports.ubuntu.com/ubuntu-ports jammy-updates/main arm64 sssd-ad arm64 2.6.3-1ubuntu3.9 [133 kB]
Get:672 http://ports.ubuntu.com/ubuntu-ports jammy-updates/main arm64 sssd-ldap arm64 2.6.3-1ubuntu3.9 [32.3 kB]
Get:673 http://ports.ubuntu.com/ubuntu-ports jammy-updates/main arm64 sssd-ipa arm64 2.6.3-1ubuntu3.9 [214 kB]
Get:674 http://ports.ubuntu.com/ubuntu-ports jammy-updates/main arm64 sssd-krb5-common arm64 2.6.3-1ubuntu3.9 [78.2 kB]
Get:675 http://ports.ubuntu.com/ubuntu-ports jammy-updates/main arm64 sssd-ad-common arm64 2.6.3-1ubuntu3.9 [71.6 kB]
Get:676 http://ports.ubuntu.com/ubuntu-ports jammy-updates/main arm64 sssd-common arm64 2.6.3-1ubuntu3.9 [1,112 kB]
Get:677 http://ports.ubuntu.com/ubuntu-ports jammy-updates/main arm64 libnss-sss arm64 2.6.3-1ubuntu3.9 [24.4 kB]
Get:678 http://ports.ubuntu.com/ubuntu-ports jammy-updates/main arm64 libpam-sss arm64 2.6.3-1ubuntu3.9 [39.9 kB]
Get:679 http://ports.ubuntu.com/ubuntu-ports jammy-updates/main arm64 libsss-certmap0 arm64 2.6.3-1ubuntu3.9 [34.8 kB]
Get:680 http://ports.ubuntu.com/ubuntu-ports jammy-updates/main arm64 libsss-nss-idmap0 arm64 2.6.3-1ubuntu3.9 [22.2 kB]
Get:681 http://ports.ubuntu.com/ubuntu-ports jammy-updates/main arm64 libsss-idmap0 arm64 2.6.3-1ubuntu3.9 [16.1 kB]
Get:682 http://ports.ubuntu.com/ubuntu-ports jammy-updates/main arm64 libipa-hbac0 arm64 2.6.3-1ubuntu3.9 [11.1 kB]
Get:683 http://ports.ubuntu.com/ubuntu-ports jammy-updates/main arm64 libreoffice-pdfimport all 1:7.3.7-0ubuntu0.22.04.12 [6,262 B]
Get:684 http://ports.ubuntu.com/ubuntu-ports jammy-updates/main arm64 p11-kit arm64 0.24.0-6ubuntu0.1 [102 kB]
Get:685 http://ports.ubuntu.com/ubuntu-ports jammy-updates/main arm64 qemu-efi-aarch64 all 2022.02-3ubuntu0.22.04.6 [2,603 kB]
Get:686 http://ports.ubuntu.com/ubuntu-ports jammy-updates/universe arm64 qemu-efi all 2022.02-3ubuntu0.22.04.6 [21.5 kB]
debconf: delaying package configuration, since apt-utils is not installed
Fetched 2,004 MB in 1min 23s (24.3 MB/s)
(Reading database ... (Reading database ... 5%(Reading database ... 10%(Reading database ... 15%(Reading database ... 20%(Reading database ... 25%(Reading database ... 30%(Reading database ... 35%(Reading database ... 40%(Reading database ... 45%(Reading database ... 50%(Reading database ... 55%(Reading database ... 60%(Reading database ... 65%(Reading database ... 70%(Reading database ... 75%(Reading database ... 80%(Reading database ... 85%(Reading database ... 90%(Reading database ... 95%(Reading database ... 100%(Reading database ... 207250 files and directories currently installed.)
Preparing to unpack .../00-libc6-dbg_2.35-0ubuntu3.15_arm64.deb ...
Unpacking libc6-dbg:arm64 (2.35-0ubuntu3.15) over (2.35-0ubuntu3.6) ...
Preparing to unpack .../01-libc6-dev_2.35-0ubuntu3.15_arm64.deb ...
Unpacking libc6-dev:arm64 (2.35-0ubuntu3.15) over (2.35-0ubuntu3.6) ...
Preparing to unpack .../02-libc-dev-bin_2.35-0ubuntu3.15_arm64.deb ...
Unpacking libc-dev-bin (2.35-0ubuntu3.15) over (2.35-0ubuntu3.6) ...
Preparing to unpack .../03-linux-libc-dev_5.15.0-191.201_arm64.deb ...
Unpacking linux-libc-dev:arm64 (5.15.0-191.201) over (5.15.0-101.111) ...
Preparing to unpack .../04-libatomic1_12.3.0-1ubuntu1~22.04.3_arm64.deb ...
Unpacking libatomic1:arm64 (12.3.0-1ubuntu1~22.04.3) over (12.3.0-1ubuntu1~22.04.2) ...
Preparing to unpack .../05-libubsan1_12.3.0-1ubuntu1~22.04.3_arm64.deb ...
Unpacking libubsan1:arm64 (12.3.0-1ubuntu1~22.04.3) over (12.3.0-1ubuntu1~22.04.2) ...
Preparing to unpack .../06-liblsan0_12.3.0-1ubuntu1~22.04.3_arm64.deb ...
Unpacking liblsan0:arm64 (12.3.0-1ubuntu1~22.04.3) over (12.3.0-1ubuntu1~22.04.2) ...
Preparing to unpack .../07-libitm1_12.3.0-1ubuntu1~22.04.3_arm64.deb ...
Unpacking libitm1:arm64 (12.3.0-1ubuntu1~22.04.3) over (12.3.0-1ubuntu1~22.04.2) ...
Preparing to unpack .../08-libhwasan0_12.3.0-1ubuntu1~22.04.3_arm64.deb ...
Unpacking libhwasan0:arm64 (12.3.0-1ubuntu1~22.04.3) over (12.3.0-1ubuntu1~22.04.2) ...
Preparing to unpack .../09-libgomp1_12.3.0-1ubuntu1~22.04.3_arm64.deb ...
Unpacking libgomp1:arm64 (12.3.0-1ubuntu1~22.04.3) over (12.3.0-1ubuntu1~22.04.2) ...
Preparing to unpack .../10-libgfortran5_12.3.0-1ubuntu1~22.04.3_arm64.deb ...
Unpacking libgfortran5:arm64 (12.3.0-1ubuntu1~22.04.3) over (12.3.0-1ubuntu1~22.04.2) ...
Preparing to unpack .../11-gcc-12-base_12.3.0-1ubuntu1~22.04.3_arm64.deb ...
Unpacking gcc-12-base:arm64 (12.3.0-1ubuntu1~22.04.3) over (12.3.0-1ubuntu1~22.04.2) ...
Setting up gcc-12-base:arm64 (12.3.0-1ubuntu1~22.04.3) ...
(Reading database ... (Reading database ... 5%(Reading database ... 10%(Reading database ... 15%(Reading database ... 20%(Reading database ... 25%(Reading database ... 30%(Reading database ... 35%(Reading database ... 40%(Reading database ... 45%(Reading database ... 50%(Reading database ... 55%(Reading database ... 60%(Reading database ... 65%(Reading database ... 70%(Reading database ... 75%(Reading database ... 80%(Reading database ... 85%(Reading database ... 90%(Reading database ... 95%(Reading database ... 100%(Reading database ... 207237 files and directories currently installed.)
Preparing to unpack .../libgcc-s1_12.3.0-1ubuntu1~22.04.3_arm64.deb ...
Unpacking libgcc-s1:arm64 (12.3.0-1ubuntu1~22.04.3) over (12.3.0-1ubuntu1~22.04.2) ...
Setting up libgcc-s1:arm64 (12.3.0-1ubuntu1~22.04.3) ...
(Reading database ... (Reading database ... 5%(Reading database ... 10%(Reading database ... 15%(Reading database ... 20%(Reading database ... 25%(Reading database ... 30%(Reading database ... 35%(Reading database ... 40%(Reading database ... 45%(Reading database ... 50%(Reading database ... 55%(Reading database ... 60%(Reading database ... 65%(Reading database ... 70%(Reading database ... 75%(Reading database ... 80%(Reading database ... 85%(Reading database ... 90%(Reading database ... 95%(Reading database ... 100%(Reading database ... 207237 files and directories currently installed.)
Preparing to unpack .../libcc1-0_12.3.0-1ubuntu1~22.04.3_arm64.deb ...
Unpacking libcc1-0:arm64 (12.3.0-1ubuntu1~22.04.3) over (12.3.0-1ubuntu1~22.04.2) ...
Preparing to unpack .../libstdc++6_12.3.0-1ubuntu1~22.04.3_arm64.deb ...
Unpacking libstdc++6:arm64 (12.3.0-1ubuntu1~22.04.3) over (12.3.0-1ubuntu1~22.04.2) ...
Setting up libstdc++6:arm64 (12.3.0-1ubuntu1~22.04.3) ...
(Reading database ... (Reading database ... 5%(Reading database ... 10%(Reading database ... 15%(Reading database ... 20%(Reading database ... 25%(Reading database ... 30%(Reading database ... 35%(Reading database ... 40%(Reading database ... 45%(Reading database ... 50%(Reading database ... 55%(Reading database ... 60%(Reading database ... 65%(Reading database ... 70%(Reading database ... 75%(Reading database ... 80%(Reading database ... 85%(Reading database ... 90%(Reading database ... 95%(Reading database ... 100%(Reading database ... 207237 files and directories currently installed.)
Preparing to unpack .../libc6_2.35-0ubuntu3.15_arm64.deb ...
Unpacking libc6:arm64 (2.35-0ubuntu3.15) over (2.35-0ubuntu3.6) ...
Setting up libc6:arm64 (2.35-0ubuntu3.15) ...
(Reading database ... (Reading database ... 5%(Reading database ... 10%(Reading database ... 15%(Reading database ... 20%(Reading database ... 25%(Reading database ... 30%(Reading database ... 35%(Reading database ... 40%(Reading database ... 45%(Reading database ... 50%(Reading database ... 55%(Reading database ... 60%(Reading database ... 65%(Reading database ... 70%(Reading database ... 75%(Reading database ... 80%(Reading database ... 85%(Reading database ... 90%(Reading database ... 95%(Reading database ... 100%(Reading database ... 207237 files and directories currently installed.)
Preparing to unpack .../base-files_12ubuntu4.7_arm64.deb ...
Unpacking base-files (12ubuntu4.7) over (12ubuntu4.6) ...
Setting up base-files (12ubuntu4.7) ...
Installing new version of config file /etc/issue ...
Installing new version of config file /etc/issue.net ...
Installing new version of config file /etc/lsb-release ...
motd-news.service is a disabled or a static unit not running, not starting it.
(Reading database ... (Reading database ... 5%(Reading database ... 10%(Reading database ... 15%(Reading database ... 20%(Reading database ... 25%(Reading database ... 30%(Reading database ... 35%(Reading database ... 40%(Reading database ... 45%(Reading database ... 50%(Reading database ... 55%(Reading database ... 60%(Reading database ... 65%(Reading database ... 70%(Reading database ... 75%(Reading database ... 80%(Reading database ... 85%(Reading database ... 90%(Reading database ... 95%(Reading database ... 100%(Reading database ... 207237 files and directories currently installed.)
Preparing to unpack .../bsdutils_1%3a2.37.2-4ubuntu3.6_arm64.deb ...
Unpacking bsdutils (1:2.37.2-4ubuntu3.6) over (1:2.37.2-4ubuntu3.3) ...
Setting up bsdutils (1:2.37.2-4ubuntu3.6) ...
(Reading database ... (Reading database ... 5%(Reading database ... 10%(Reading database ... 15%(Reading database ... 20%(Reading database ... 25%(Reading database ... 30%(Reading database ... 35%(Reading database ... 40%(Reading database ... 45%(Reading database ... 50%(Reading database ... 55%(Reading database ... 60%(Reading database ... 65%(Reading database ... 70%(Reading database ... 75%(Reading database ... 80%(Reading database ... 85%(Reading database ... 90%(Reading database ... 95%(Reading database ... 100%(Reading database ... 207237 files and directories currently installed.)
Preparing to unpack .../coreutils_8.32-4.1ubuntu1.4_arm64.deb ...
Unpacking coreutils (8.32-4.1ubuntu1.4) over (8.32-4.1ubuntu1.2) ...
Setting up coreutils (8.32-4.1ubuntu1.4) ...
(Reading database ... (Reading database ... 5%(Reading database ... 10%(Reading database ... 15%(Reading database ... 20%(Reading database ... 25%(Reading database ... 30%(Reading database ... 35%(Reading database ... 40%(Reading database ... 45%(Reading database ... 50%(Reading database ... 55%(Reading database ... 60%(Reading database ... 65%(Reading database ... 70%(Reading database ... 75%(Reading database ... 80%(Reading database ... 85%(Reading database ... 90%(Reading database ... 95%(Reading database ... 100%(Reading database ... 207237 files and directories currently installed.)
Preparing to unpack .../diffutils_1%3a3.8-0ubuntu2.1_arm64.deb ...
Unpacking diffutils (1:3.8-0ubuntu2.1) over (1:3.8-0ubuntu2) ...
Setting up diffutils (1:3.8-0ubuntu2.1) ...
(Reading database ... (Reading database ... 5%(Reading database ... 10%(Reading database ... 15%(Reading database ... 20%(Reading database ... 25%(Reading database ... 30%(Reading database ... 35%(Reading database ... 40%(Reading database ... 45%(Reading database ... 50%(Reading database ... 55%(Reading database ... 60%(Reading database ... 65%(Reading database ... 70%(Reading database ... 75%(Reading database ... 80%(Reading database ... 85%(Reading database ... 90%(Reading database ... 95%(Reading database ... 100%(Reading database ... 207237 files and directories currently installed.)
Preparing to unpack .../bzip2_1.0.8-5ubuntu0.1_arm64.deb ...
Unpacking bzip2 (1.0.8-5ubuntu0.1) over (1.0.8-5build1) ...
Preparing to unpack .../libbz2-1.0_1.0.8-5ubuntu0.1_arm64.deb ...
Unpacking libbz2-1.0:arm64 (1.0.8-5ubuntu0.1) over (1.0.8-5build1) ...
Setting up libbz2-1.0:arm64 (1.0.8-5ubuntu0.1) ...
(Reading database ... (Reading database ... 5%(Reading database ... 10%(Reading database ... 15%(Reading database ... 20%(Reading database ... 25%(Reading database ... 30%(Reading database ... 35%(Reading database ... 40%(Reading database ... 45%(Reading database ... 50%(Reading database ... 55%(Reading database ... 60%(Reading database ... 65%(Reading database ... 70%(Reading database ... 75%(Reading database ... 80%(Reading database ... 85%(Reading database ... 90%(Reading database ... 95%(Reading database ... 100%(Reading database ... 207237 files and directories currently installed.)
Preparing to unpack .../libgcrypt20_1.9.4-3ubuntu3.3_arm64.deb ...
Unpacking libgcrypt20:arm64 (1.9.4-3ubuntu3.3) over (1.9.4-3ubuntu3) ...
Setting up libgcrypt20:arm64 (1.9.4-3ubuntu3.3) ...
(Reading database ... (Reading database ... 5%(Reading database ... 10%(Reading database ... 15%(Reading database ... 20%(Reading database ... 25%(Reading database ... 30%(Reading database ... 35%(Reading database ... 40%(Reading database ... 45%(Reading database ... 50%(Reading database ... 55%(Reading database ... 60%(Reading database ... 65%(Reading database ... 70%(Reading database ... 75%(Reading database ... 80%(Reading database ... 85%(Reading database ... 90%(Reading database ... 95%(Reading database ... 100%(Reading database ... 207237 files and directories currently installed.)
Preparing to unpack .../liblzma-dev_5.2.5-2ubuntu1.1_arm64.deb ...
Unpacking liblzma-dev:arm64 (5.2.5-2ubuntu1.1) over (5.2.5-2ubuntu1) ...
Preparing to unpack .../liblzma5_5.2.5-2ubuntu1.1_arm64.deb ...
Unpacking liblzma5:arm64 (5.2.5-2ubuntu1.1) over (5.2.5-2ubuntu1) ...
Setting up liblzma5:arm64 (5.2.5-2ubuntu1.1) ...
(Reading database ... (Reading database ... 5%(Reading database ... 10%(Reading database ... 15%(Reading database ... 20%(Reading database ... 25%(Reading database ... 30%(Reading database ... 35%(Reading database ... 40%(Reading database ... 45%(Reading database ... 50%(Reading database ... 55%(Reading database ... 60%(Reading database ... 65%(Reading database ... 70%(Reading database ... 75%(Reading database ... 80%(Reading database ... 85%(Reading database ... 90%(Reading database ... 95%(Reading database ... 100%(Reading database ... 207237 files and directories currently installed.)
Preparing to unpack .../libnss-systemd_249.11-0ubuntu3.22_arm64.deb ...
Unpacking libnss-systemd:arm64 (249.11-0ubuntu3.22) over (249.11-0ubuntu3.12) ...
Preparing to unpack .../xserver-common_2%3a21.1.4-2ubuntu1.7~22.04.16_all.deb ...
Unpacking xserver-common (2:21.1.4-2ubuntu1.7~22.04.16) over (2:21.1.4-2ubuntu1.7~22.04.8) ...
Preparing to unpack .../xserver-xorg-legacy_2%3a21.1.4-2ubuntu1.7~22.04.16_arm64.deb ...
Unpacking xserver-xorg-legacy (2:21.1.4-2ubuntu1.7~22.04.16) over (2:21.1.4-2ubuntu1.7~22.04.8) ...
Preparing to unpack .../libudev-dev_249.11-0ubuntu3.22_arm64.deb ...
Unpacking libudev-dev:arm64 (249.11-0ubuntu3.22) over (249.11-0ubuntu3.12) ...
Preparing to unpack .../libsystemd0_249.11-0ubuntu3.22_arm64.deb ...
Unpacking libsystemd0:arm64 (249.11-0ubuntu3.22) over (249.11-0ubuntu3.12) ...
Setting up libsystemd0:arm64 (249.11-0ubuntu3.22) ...
(Reading database ... (Reading database ... 5%(Reading database ... 10%(Reading database ... 15%(Reading database ... 20%(Reading database ... 25%(Reading database ... 30%(Reading database ... 35%(Reading database ... 40%(Reading database ... 45%(Reading database ... 50%(Reading database ... 55%(Reading database ... 60%(Reading database ... 65%(Reading database ... 70%(Reading database ... 75%(Reading database ... 80%(Reading database ... 85%(Reading database ... 90%(Reading database ... 95%(Reading database ... 100%(Reading database ... 207237 files and directories currently installed.)
Preparing to unpack .../0-xserver-xorg-core_2%3a21.1.4-2ubuntu1.7~22.04.16_arm64.deb ...
Unpacking xserver-xorg-core (2:21.1.4-2ubuntu1.7~22.04.16) over (2:21.1.4-2ubuntu1.7~22.04.8) ...
Preparing to unpack .../1-systemd-timesyncd_249.11-0ubuntu3.22_arm64.deb ...
Unpacking systemd-timesyncd (249.11-0ubuntu3.22) over (249.11-0ubuntu3.12) ...
Preparing to unpack .../2-systemd-sysv_249.11-0ubuntu3.22_arm64.deb ...
Unpacking systemd-sysv (249.11-0ubuntu3.22) over (249.11-0ubuntu3.12) ...
Preparing to unpack .../3-systemd-oomd_249.11-0ubuntu3.22_arm64.deb ...
Unpacking systemd-oomd (249.11-0ubuntu3.22) over (249.11-0ubuntu3.12) ...
Preparing to unpack .../4-libpam-systemd_249.11-0ubuntu3.22_arm64.deb ...
Unpacking libpam-systemd:arm64 (249.11-0ubuntu3.22) over (249.11-0ubuntu3.12) ...
Preparing to unpack .../5-systemd_249.11-0ubuntu3.22_arm64.deb ...
Unpacking systemd (249.11-0ubuntu3.22) over (249.11-0ubuntu3.12) ...
Preparing to unpack .../6-bluez_5.64-0ubuntu1.4_arm64.deb ...
Unpacking bluez (5.64-0ubuntu1.4) over (5.64-0ubuntu1.1) ...
Preparing to unpack .../7-udev_249.11-0ubuntu3.22_arm64.deb ...
Unpacking udev (249.11-0ubuntu3.22) over (249.11-0ubuntu3.12) ...
Preparing to unpack .../8-libudev1_249.11-0ubuntu3.22_arm64.deb ...
Unpacking libudev1:arm64 (249.11-0ubuntu3.22) over (249.11-0ubuntu3.12) ...
Setting up libudev1:arm64 (249.11-0ubuntu3.22) ...
(Reading database ... (Reading database ... 5%(Reading database ... 10%(Reading database ... 15%(Reading database ... 20%(Reading database ... 25%(Reading database ... 30%(Reading database ... 35%(Reading database ... 40%(Reading database ... 45%(Reading database ... 50%(Reading database ... 55%(Reading database ... 60%(Reading database ... 65%(Reading database ... 70%(Reading database ... 75%(Reading database ... 80%(Reading database ... 85%(Reading database ... 90%(Reading database ... 95%(Reading database ... 100%(Reading database ... 207237 files and directories currently installed.)
Preparing to unpack .../00-dconf-cli_0.40.0-3ubuntu0.1_arm64.deb ...
Unpacking dconf-cli (0.40.0-3ubuntu0.1) over (0.40.0-3) ...
Preparing to unpack .../01-dconf-service_0.40.0-3ubuntu0.1_arm64.deb ...
Unpacking dconf-service (0.40.0-3ubuntu0.1) over (0.40.0-3) ...
Preparing to unpack .../02-dconf-gsettings-backend_0.40.0-3ubuntu0.1_arm64.deb ...
Unpacking dconf-gsettings-backend:arm64 (0.40.0-3ubuntu0.1) over (0.40.0-3) ...
Preparing to unpack .../03-libdconf1_0.40.0-3ubuntu0.1_arm64.deb ...
Unpacking libdconf1:arm64 (0.40.0-3ubuntu0.1) over (0.40.0-3) ...
Preparing to unpack .../04-gir1.2-mutter-10_42.9-0ubuntu9_arm64.deb ...
Unpacking gir1.2-mutter-10:arm64 (42.9-0ubuntu9) over (42.9-0ubuntu7) ...
Preparing to unpack .../05-libmutter-10-0_42.9-0ubuntu9_arm64.deb ...
Unpacking libmutter-10-0:arm64 (42.9-0ubuntu9) over (42.9-0ubuntu7) ...
Preparing to unpack .../06-gjs_1.72.4-0ubuntu0.22.04.4_arm64.deb ...
Unpacking gjs (1.72.4-0ubuntu0.22.04.4) over (1.72.4-0ubuntu0.22.04.1) ...
Preparing to unpack .../07-libgjs0g_1.72.4-0ubuntu0.22.04.4_arm64.deb ...
Unpacking libgjs0g:arm64 (1.72.4-0ubuntu0.22.04.4) over (1.72.4-0ubuntu0.22.04.1) ...
Preparing to unpack .../08-gnome-remote-desktop_42.9-0ubuntu0.22.04.2_arm64.deb ...
Unpacking gnome-remote-desktop (42.9-0ubuntu0.22.04.2) over (42.9-0ubuntu0.22.04.1) ...
Preparing to unpack .../09-gnome-control-center-data_1%3a41.7-0ubuntu0.22.04.9_all.deb ...
Unpacking gnome-control-center-data (1:41.7-0ubuntu0.22.04.9) over (1:41.7-0ubuntu0.22.04.8) ...
Preparing to unpack .../10-gnome-control-center_1%3a41.7-0ubuntu0.22.04.9_arm64.deb ...
Unpacking gnome-control-center (1:41.7-0ubuntu0.22.04.9) over (1:41.7-0ubuntu0.22.04.8) ...
Preparing to unpack .../11-gnome-shell_42.9-0ubuntu2.3_arm64.deb ...
Unpacking gnome-shell (42.9-0ubuntu2.3) over (42.9-0ubuntu2) ...
Preparing to unpack .../12-gnome-shell-common_42.9-0ubuntu2.3_all.deb ...
Unpacking gnome-shell-common (42.9-0ubuntu2.3) over (42.9-0ubuntu2) ...
Preparing to unpack .../13-mutter-common_42.9-0ubuntu9_all.deb ...
Unpacking mutter-common (42.9-0ubuntu9) over (42.9-0ubuntu7) ...
Preparing to unpack .../14-libgdk-pixbuf2.0-common_2.42.8+dfsg-1ubuntu0.5_all.deb ...
Unpacking libgdk-pixbuf2.0-common (2.42.8+dfsg-1ubuntu0.5) over (2.42.8+dfsg-1ubuntu0.2) ...
Preparing to unpack .../15-libpng-dev_1.6.37-3ubuntu0.6_arm64.deb ...
Unpacking libpng-dev:arm64 (1.6.37-3ubuntu0.6) over (1.6.37-3build5) ...
Preparing to unpack .../16-libpng16-16_1.6.37-3ubuntu0.6_arm64.deb ...
Unpacking libpng16-16:arm64 (1.6.37-3ubuntu0.6) over (1.6.37-3build5) ...
Preparing to unpack .../17-libtiff-dev_4.3.0-6ubuntu0.13_arm64.deb ...
Unpacking libtiff-dev:arm64 (4.3.0-6ubuntu0.13) over (4.3.0-6ubuntu0.8) ...
Preparing to unpack .../18-libtiffxx5_4.3.0-6ubuntu0.13_arm64.deb ...
Unpacking libtiffxx5:arm64 (4.3.0-6ubuntu0.13) over (4.3.0-6ubuntu0.8) ...
Preparing to unpack .../19-libtiff5_4.3.0-6ubuntu0.13_arm64.deb ...
Unpacking libtiff5:arm64 (4.3.0-6ubuntu0.13) over (4.3.0-6ubuntu0.8) ...
Preparing to unpack .../20-libgdk-pixbuf-2.0-0_2.42.8+dfsg-1ubuntu0.5_arm64.deb ...
Unpacking libgdk-pixbuf-2.0-0:arm64 (2.42.8+dfsg-1ubuntu0.5) over (2.42.8+dfsg-1ubuntu0.2) ...
Preparing to unpack .../21-gir1.2-gdkpixbuf-2.0_2.42.8+dfsg-1ubuntu0.5_arm64.deb ...
Unpacking gir1.2-gdkpixbuf-2.0:arm64 (2.42.8+dfsg-1ubuntu0.5) over (2.42.8+dfsg-1ubuntu0.2) ...
Preparing to unpack .../22-libgtk-3-common_3.24.33-1ubuntu2.2_all.deb ...
Unpacking libgtk-3-common (3.24.33-1ubuntu2.2) over (3.24.33-1ubuntu2) ...
Preparing to unpack .../23-libfreetype6_2.11.1+dfsg-1ubuntu0.3_arm64.deb ...
Unpacking libfreetype6:arm64 (2.11.1+dfsg-1ubuntu0.3) over (2.11.1+dfsg-1ubuntu0.2) ...
Preparing to unpack .../24-libcairo-script-interpreter2_1.16.0-5ubuntu2.1_arm64.deb ...
Unpacking libcairo-script-interpreter2:arm64 (1.16.0-5ubuntu2.1) over (1.16.0-5ubuntu2) ...
Preparing to unpack .../25-libcairo-gobject2_1.16.0-5ubuntu2.1_arm64.deb ...
Unpacking libcairo-gobject2:arm64 (1.16.0-5ubuntu2.1) over (1.16.0-5ubuntu2) ...
Preparing to unpack .../26-libcairo2_1.16.0-5ubuntu2.1_arm64.deb ...
Unpacking libcairo2:arm64 (1.16.0-5ubuntu2.1) over (1.16.0-5ubuntu2) ...
Preparing to unpack .../27-avahi-utils_0.8-5ubuntu5.5_arm64.deb ...
Unpacking avahi-utils (0.8-5ubuntu5.5) over (0.8-5ubuntu5.2) ...
Preparing to unpack .../28-avahi-daemon_0.8-5ubuntu5.5_arm64.deb ...
Unpacking avahi-daemon (0.8-5ubuntu5.5) over (0.8-5ubuntu5.2) ...
Preparing to unpack .../29-libavahi-ui-gtk3-0_0.8-5ubuntu5.5_arm64.deb ...
Unpacking libavahi-ui-gtk3-0:arm64 (0.8-5ubuntu5.5) over (0.8-5ubuntu5.2) ...
Preparing to unpack .../30-libavahi-glib1_0.8-5ubuntu5.5_arm64.deb ...
Unpacking libavahi-glib1:arm64 (0.8-5ubuntu5.5) over (0.8-5ubuntu5.2) ...
Preparing to unpack .../31-libavahi-core7_0.8-5ubuntu5.5_arm64.deb ...
Unpacking libavahi-core7:arm64 (0.8-5ubuntu5.5) over (0.8-5ubuntu5.2) ...
Preparing to unpack .../32-libavahi-client3_0.8-5ubuntu5.5_arm64.deb ...
Unpacking libavahi-client3:arm64 (0.8-5ubuntu5.5) over (0.8-5ubuntu5.2) ...
Preparing to unpack .../33-libavahi-common3_0.8-5ubuntu5.5_arm64.deb ...
Unpacking libavahi-common3:arm64 (0.8-5ubuntu5.5) over (0.8-5ubuntu5.2) ...
Preparing to unpack .../34-libavahi-common-data_0.8-5ubuntu5.5_arm64.deb ...
Unpacking libavahi-common-data:arm64 (0.8-5ubuntu5.5) over (0.8-5ubuntu5.2) ...
Preparing to unpack .../35-libcap2_1%3a2.44-1ubuntu0.22.04.3_arm64.deb ...
Unpacking libcap2:arm64 (1:2.44-1ubuntu0.22.04.3) over (1:2.44-1ubuntu0.22.04.1) ...
Setting up libcap2:arm64 (1:2.44-1ubuntu0.22.04.3) ...
(Reading database ... (Reading database ... 5%(Reading database ... 10%(Reading database ... 15%(Reading database ... 20%(Reading database ... 25%(Reading database ... 30%(Reading database ... 35%(Reading database ... 40%(Reading database ... 45%(Reading database ... 50%(Reading database ... 55%(Reading database ... 60%(Reading database ... 65%(Reading database ... 70%(Reading database ... 75%(Reading database ... 80%(Reading database ... 85%(Reading database ... 90%(Reading database ... 95%(Reading database ... 100%(Reading database ... 207237 files and directories currently installed.)
Preparing to unpack .../libexpat1-dev_2.4.7-1ubuntu0.7_arm64.deb ...
Unpacking libexpat1-dev:arm64 (2.4.7-1ubuntu0.7) over (2.4.7-1ubuntu0.3) ...
Preparing to unpack .../libexpat1_2.4.7-1ubuntu0.7_arm64.deb ...
Unpacking libexpat1:arm64 (2.4.7-1ubuntu0.7) over (2.4.7-1ubuntu0.3) ...
Preparing to unpack .../libk5crypto3_1.19.2-2ubuntu0.10_arm64.deb ...
Unpacking libk5crypto3:arm64 (1.19.2-2ubuntu0.10) over (1.19.2-2ubuntu0.3) ...
Setting up libk5crypto3:arm64 (1.19.2-2ubuntu0.10) ...
(Reading database ... (Reading database ... 5%(Reading database ... 10%(Reading database ... 15%(Reading database ... 20%(Reading database ... 25%(Reading database ... 30%(Reading database ... 35%(Reading database ... 40%(Reading database ... 45%(Reading database ... 50%(Reading database ... 55%(Reading database ... 60%(Reading database ... 65%(Reading database ... 70%(Reading database ... 75%(Reading database ... 80%(Reading database ... 85%(Reading database ... 90%(Reading database ... 95%(Reading database ... 100%(Reading database ... 207237 files and directories currently installed.)
Preparing to unpack .../libkrb5support0_1.19.2-2ubuntu0.10_arm64.deb ...
Unpacking libkrb5support0:arm64 (1.19.2-2ubuntu0.10) over (1.19.2-2ubuntu0.3) ...
Setting up libkrb5support0:arm64 (1.19.2-2ubuntu0.10) ...
(Reading database ... (Reading database ... 5%(Reading database ... 10%(Reading database ... 15%(Reading database ... 20%(Reading database ... 25%(Reading database ... 30%(Reading database ... 35%(Reading database ... 40%(Reading database ... 45%(Reading database ... 50%(Reading database ... 55%(Reading database ... 60%(Reading database ... 65%(Reading database ... 70%(Reading database ... 75%(Reading database ... 80%(Reading database ... 85%(Reading database ... 90%(Reading database ... 95%(Reading database ... 100%(Reading database ... 207237 files and directories currently installed.)
Preparing to unpack .../libkrb5-3_1.19.2-2ubuntu0.10_arm64.deb ...
Unpacking libkrb5-3:arm64 (1.19.2-2ubuntu0.10) over (1.19.2-2ubuntu0.3) ...
Setting up libkrb5-3:arm64 (1.19.2-2ubuntu0.10) ...
(Reading database ... (Reading database ... 5%(Reading database ... 10%(Reading database ... 15%(Reading database ... 20%(Reading database ... 25%(Reading database ... 30%(Reading database ... 35%(Reading database ... 40%(Reading database ... 45%(Reading database ... 50%(Reading database ... 55%(Reading database ... 60%(Reading database ... 65%(Reading database ... 70%(Reading database ... 75%(Reading database ... 80%(Reading database ... 85%(Reading database ... 90%(Reading database ... 95%(Reading database ... 100%(Reading database ... 207237 files and directories currently installed.)
Preparing to unpack .../libgssapi-krb5-2_1.19.2-2ubuntu0.10_arm64.deb ...
Unpacking libgssapi-krb5-2:arm64 (1.19.2-2ubuntu0.10) over (1.19.2-2ubuntu0.3) ...
Setting up libgssapi-krb5-2:arm64 (1.19.2-2ubuntu0.10) ...
(Reading database ... (Reading database ... 5%(Reading database ... 10%(Reading database ... 15%(Reading database ... 20%(Reading database ... 25%(Reading database ... 30%(Reading database ... 35%(Reading database ... 40%(Reading database ... 45%(Reading database ... 50%(Reading database ... 55%(Reading database ... 60%(Reading database ... 65%(Reading database ... 70%(Reading database ... 75%(Reading database ... 80%(Reading database ... 85%(Reading database ... 90%(Reading database ... 95%(Reading database ... 100%(Reading database ... 207237 files and directories currently installed.)
Preparing to unpack .../libcom-err2_1.46.5-2ubuntu1.2_arm64.deb ...
Unpacking libcom-err2:arm64 (1.46.5-2ubuntu1.2) over (1.46.5-2ubuntu1.1) ...
Setting up libcom-err2:arm64 (1.46.5-2ubuntu1.2) ...
(Reading database ... (Reading database ... 5%(Reading database ... 10%(Reading database ... 15%(Reading database ... 20%(Reading database ... 25%(Reading database ... 30%(Reading database ... 35%(Reading database ... 40%(Reading database ... 45%(Reading database ... 50%(Reading database ... 55%(Reading database ... 60%(Reading database ... 65%(Reading database ... 70%(Reading database ... 75%(Reading database ... 80%(Reading database ... 85%(Reading database ... 90%(Reading database ... 95%(Reading database ... 100%(Reading database ... 207237 files and directories currently installed.)
Preparing to unpack .../libssl3_3.0.2-0ubuntu1.29_arm64.deb ...
Unpacking libssl3:arm64 (3.0.2-0ubuntu1.29) over (3.0.2-0ubuntu1.15) ...
Setting up libssl3:arm64 (3.0.2-0ubuntu1.29) ...
(Reading database ... (Reading database ... 5%(Reading database ... 10%(Reading database ... 15%(Reading database ... 20%(Reading database ... 25%(Reading database ... 30%(Reading database ... 35%(Reading database ... 40%(Reading database ... 45%(Reading database ... 50%(Reading database ... 55%(Reading database ... 60%(Reading database ... 65%(Reading database ... 70%(Reading database ... 75%(Reading database ... 80%(Reading database ... 85%(Reading database ... 90%(Reading database ... 95%(Reading database ... 100%(Reading database ... 207237 files and directories currently installed.)
Preparing to unpack .../0-libnghttp2-14_1.43.0-1ubuntu0.4_arm64.deb ...
Unpacking libnghttp2-14:arm64 (1.43.0-1ubuntu0.4) over (1.43.0-1ubuntu0.1) ...
Preparing to unpack .../1-libxml2-dev_2.9.13+dfsg-1ubuntu0.12_arm64.deb ...
Unpacking libxml2-dev:arm64 (2.9.13+dfsg-1ubuntu0.12) over (2.9.13+dfsg-1ubuntu0.4) ...
Preparing to unpack .../2-libxml2_2.9.13+dfsg-1ubuntu0.12_arm64.deb ...
Unpacking libxml2:arm64 (2.9.13+dfsg-1ubuntu0.12) over (2.9.13+dfsg-1ubuntu0.4) ...
Preparing to unpack .../3-bind9-host_1%3a9.18.39-0ubuntu0.22.04.6_arm64.deb ...
Unpacking bind9-host (1:9.18.39-0ubuntu0.22.04.6) over (1:9.18.18-0ubuntu0.22.04.2) ...
Preparing to unpack .../4-bind9-libs_1%3a9.18.39-0ubuntu0.22.04.6_arm64.deb ...
Unpacking bind9-libs:arm64 (1:9.18.39-0ubuntu0.22.04.6) over (1:9.18.18-0ubuntu0.22.04.2) ...
Preparing to unpack .../5-libtasn1-6_4.18.0-4ubuntu0.2_arm64.deb ...
Unpacking libtasn1-6:arm64 (4.18.0-4ubuntu0.2) over (4.18.0-4build1) ...
Setting up libtasn1-6:arm64 (4.18.0-4ubuntu0.2) ...
(Reading database ... (Reading database ... 5%(Reading database ... 10%(Reading database ... 15%(Reading database ... 20%(Reading database ... 25%(Reading database ... 30%(Reading database ... 35%(Reading database ... 40%(Reading database ... 45%(Reading database ... 50%(Reading database ... 55%(Reading database ... 60%(Reading database ... 65%(Reading database ... 70%(Reading database ... 75%(Reading database ... 80%(Reading database ... 85%(Reading database ... 90%(Reading database ... 95%(Reading database ... 100%(Reading database ... 207237 files and directories currently installed.)
Preparing to unpack .../p11-kit-modules_0.24.0-6ubuntu0.1_arm64.deb ...
Unpacking p11-kit-modules:arm64 (0.24.0-6ubuntu0.1) over (0.24.0-6build1) ...
Preparing to unpack .../libp11-kit0_0.24.0-6ubuntu0.1_arm64.deb ...
Unpacking libp11-kit0:arm64 (0.24.0-6ubuntu0.1) over (0.24.0-6build1) ...
Setting up libp11-kit0:arm64 (0.24.0-6ubuntu0.1) ...
(Reading database ... (Reading database ... 5%(Reading database ... 10%(Reading database ... 15%(Reading database ... 20%(Reading database ... 25%(Reading database ... 30%(Reading database ... 35%(Reading database ... 40%(Reading database ... 45%(Reading database ... 50%(Reading database ... 55%(Reading database ... 60%(Reading database ... 65%(Reading database ... 70%(Reading database ... 75%(Reading database ... 80%(Reading database ... 85%(Reading database ... 90%(Reading database ... 95%(Reading database ... 100%(Reading database ... 207237 files and directories currently installed.)
Preparing to unpack .../libgnutls30_3.7.3-4ubuntu1.9_arm64.deb ...
Unpacking libgnutls30:arm64 (3.7.3-4ubuntu1.9) over (3.7.3-4ubuntu1.4) ...
Setting up libgnutls30:arm64 (3.7.3-4ubuntu1.9) ...
(Reading database ... (Reading database ... 5%(Reading database ... 10%(Reading database ... 15%(Reading database ... 20%(Reading database ... 25%(Reading database ... 30%(Reading database ... 35%(Reading database ... 40%(Reading database ... 45%(Reading database ... 50%(Reading database ... 55%(Reading database ... 60%(Reading database ... 65%(Reading database ... 70%(Reading database ... 75%(Reading database ... 80%(Reading database ... 85%(Reading database ... 90%(Reading database ... 95%(Reading database ... 100%(Reading database ... 207237 files and directories currently installed.)
Preparing to unpack .../00-libcups2_2.4.1op1-1ubuntu4.21_arm64.deb ...
Unpacking libcups2:arm64 (2.4.1op1-1ubuntu4.21) over (2.4.1op1-1ubuntu4.8) ...
Preparing to unpack .../01-libgraphite2-3_1.3.14-1ubuntu0.1_arm64.deb ...
Unpacking libgraphite2-3:arm64 (1.3.14-1ubuntu0.1) over (1.3.14-1build2) ...
Preparing to unpack .../02-libharfbuzz0b_2.7.4-1ubuntu3.2_arm64.deb ...
Unpacking libharfbuzz0b:arm64 (2.7.4-1ubuntu3.2) over (2.7.4-1ubuntu3.1) ...
Preparing to unpack .../03-libgtk-3-0_3.24.33-1ubuntu2.2_arm64.deb ...
Unpacking libgtk-3-0:arm64 (3.24.33-1ubuntu2.2) over (3.24.33-1ubuntu2) ...
Preparing to unpack .../04-gir1.2-gtk-3.0_3.24.33-1ubuntu2.2_arm64.deb ...
Unpacking gir1.2-gtk-3.0:arm64 (3.24.33-1ubuntu2.2) over (3.24.33-1ubuntu2) ...
Preparing to unpack .../05-libelf-dev_0.186-1ubuntu0.1_arm64.deb ...
Unpacking libelf-dev:arm64 (0.186-1ubuntu0.1) over (0.186-1build1) ...
Preparing to unpack .../06-libdw-dev_0.186-1ubuntu0.1_arm64.deb ...
Unpacking libdw-dev:arm64 (0.186-1ubuntu0.1) over (0.186-1build1) ...
Preparing to unpack .../07-libdebuginfod-common_0.186-1ubuntu0.1_all.deb ...
Unpacking libdebuginfod-common (0.186-1ubuntu0.1) over (0.186-1build1) ...
Preparing to unpack .../08-ldap-utils_2.5.20+dfsg-0ubuntu0.22.04.1_arm64.deb ...
Unpacking ldap-utils (2.5.20+dfsg-0ubuntu0.22.04.1) over (2.5.17+dfsg-0ubuntu0.22.04.1) ...
Preparing to unpack .../09-libldap-2.5-0_2.5.20+dfsg-0ubuntu0.22.04.1_arm64.deb ...
Unpacking libldap-2.5-0:arm64 (2.5.20+dfsg-0ubuntu0.22.04.1) over (2.5.17+dfsg-0ubuntu0.22.04.1) ...
Preparing to unpack .../10-libssh-4_0.9.6-2ubuntu0.22.04.8_arm64.deb ...
Unpacking libssh-4:arm64 (0.9.6-2ubuntu0.22.04.8) over (0.9.6-2ubuntu0.22.04.3) ...
Preparing to unpack .../11-libcurl3-gnutls_7.81.0-1ubuntu1.27_arm64.deb ...
Unpacking libcurl3-gnutls:arm64 (7.81.0-1ubuntu1.27) over (7.81.0-1ubuntu1.16) ...
Preparing to unpack .../12-libdebuginfod1_0.186-1ubuntu0.1_arm64.deb ...
Unpacking libdebuginfod1:arm64 (0.186-1ubuntu0.1) over (0.186-1build1) ...
Preparing to unpack .../13-libdw1_0.186-1ubuntu0.1_arm64.deb ...
Unpacking libdw1:arm64 (0.186-1ubuntu0.1) over (0.186-1build1) ...
Preparing to unpack .../14-libelf1_0.186-1ubuntu0.1_arm64.deb ...
Unpacking libelf1:arm64 (0.186-1ubuntu0.1) over (0.186-1build1) ...
Preparing to unpack .../15-libgl1-mesa-dri_23.2.1-1ubuntu3.1~22.04.4_arm64.deb ...
Unpacking libgl1-mesa-dri:arm64 (23.2.1-1ubuntu3.1~22.04.4) over (23.2.1-1ubuntu3.1~22.04.2) ...
Preparing to unpack .../16-libglx-mesa0_23.2.1-1ubuntu3.1~22.04.4_arm64.deb ...
Unpacking libglx-mesa0:arm64 (23.2.1-1ubuntu3.1~22.04.4) over (23.2.1-1ubuntu3.1~22.04.2) ...
Preparing to unpack .../17-libegl-mesa0_23.2.1-1ubuntu3.1~22.04.4_arm64.deb ...
Unpacking libegl-mesa0:arm64 (23.2.1-1ubuntu3.1~22.04.4) over (23.2.1-1ubuntu3.1~22.04.2) ...
Preparing to unpack .../18-libglapi-mesa_23.2.1-1ubuntu3.1~22.04.4_arm64.deb ...
Unpacking libglapi-mesa:arm64 (23.2.1-1ubuntu3.1~22.04.4) over (23.2.1-1ubuntu3.1~22.04.2) ...
Preparing to unpack .../19-libgbm-dev_23.2.1-1ubuntu3.1~22.04.4_arm64.deb ...
Unpacking libgbm-dev:arm64 (23.2.1-1ubuntu3.1~22.04.4) over (23.2.1-1ubuntu3.1~22.04.2) ...
Preparing to unpack .../20-libgbm1_23.2.1-1ubuntu3.1~22.04.4_arm64.deb ...
Unpacking libgbm1:arm64 (23.2.1-1ubuntu3.1~22.04.4) over (23.2.1-1ubuntu3.1~22.04.2) ...
Preparing to unpack .../21-libinput-bin_1.20.0-1ubuntu0.4_arm64.deb ...
Unpacking libinput-bin (1.20.0-1ubuntu0.4) over (1.20.0-1ubuntu0.3) ...
Preparing to unpack .../22-libinput10_1.20.0-1ubuntu0.4_arm64.deb ...
Unpacking libinput10:arm64 (1.20.0-1ubuntu0.4) over (1.20.0-1ubuntu0.3) ...
Preparing to unpack .../23-libatopology2_1.2.6.1-1ubuntu1.2_arm64.deb ...
Unpacking libatopology2:arm64 (1.2.6.1-1ubuntu1.2) over (1.2.6.1-1ubuntu1) ...
Preparing to unpack .../24-libasound2-dev_1.2.6.1-1ubuntu1.2_arm64.deb ...
Unpacking libasound2-dev:arm64 (1.2.6.1-1ubuntu1.2) over (1.2.6.1-1ubuntu1) ...
Preparing to unpack .../25-libasound2_1.2.6.1-1ubuntu1.2_arm64.deb ...
Unpacking libasound2:arm64 (1.2.6.1-1ubuntu1.2) over (1.2.6.1-1ubuntu1) ...
Preparing to unpack .../26-libasound2-data_1.2.6.1-1ubuntu1.2_all.deb ...
Unpacking libasound2-data (1.2.6.1-1ubuntu1.2) over (1.2.6.1-1ubuntu1) ...
Preparing to unpack .../27-gstreamer1.0-pipewire_0.3.48-1ubuntu3.2_arm64.deb ...
Unpacking gstreamer1.0-pipewire:arm64 (0.3.48-1ubuntu3.2) over (0.3.48-1ubuntu3) ...
Preparing to unpack .../28-libpipewire-0.3-modules_0.3.48-1ubuntu3.2_arm64.deb ...
Unpacking libpipewire-0.3-modules:arm64 (0.3.48-1ubuntu3.2) over (0.3.48-1ubuntu3) ...
Preparing to unpack .../29-pipewire_0.3.48-1ubuntu3.2_arm64.deb ...
Unpacking pipewire:arm64 (0.3.48-1ubuntu3.2) over (0.3.48-1ubuntu3) ...
Preparing to unpack .../30-pipewire-bin_0.3.48-1ubuntu3.2_arm64.deb ...
Unpacking pipewire-bin (0.3.48-1ubuntu3.2) over (0.3.48-1ubuntu3) ...
Preparing to unpack .../31-libpipewire-0.3-0_0.3.48-1ubuntu3.2_arm64.deb ...
Unpacking libpipewire-0.3-0:arm64 (0.3.48-1ubuntu3.2) over (0.3.48-1ubuntu3) ...
Preparing to unpack .../32-libspa-0.2-modules_0.3.48-1ubuntu3.2_arm64.deb ...
Unpacking libspa-0.2-modules:arm64 (0.3.48-1ubuntu3.2) over (0.3.48-1ubuntu3) ...
Preparing to unpack .../33-libncurses6_6.3-2ubuntu0.3_arm64.deb ...
Unpacking libncurses6:arm64 (6.3-2ubuntu0.3) over (6.3-2ubuntu0.1) ...
Preparing to unpack .../34-libncursesw6_6.3-2ubuntu0.3_arm64.deb ...
Unpacking libncursesw6:arm64 (6.3-2ubuntu0.3) over (6.3-2ubuntu0.1) ...
Preparing to unpack .../35-libtinfo6_6.3-2ubuntu0.3_arm64.deb ...
Unpacking libtinfo6:arm64 (6.3-2ubuntu0.3) over (6.3-2ubuntu0.1) ...
Setting up libtinfo6:arm64 (6.3-2ubuntu0.3) ...
(Reading database ... (Reading database ... 5%(Reading database ... 10%(Reading database ... 15%(Reading database ... 20%(Reading database ... 25%(Reading database ... 30%(Reading database ... 35%(Reading database ... 40%(Reading database ... 45%(Reading database ... 50%(Reading database ... 55%(Reading database ... 60%(Reading database ... 65%(Reading database ... 70%(Reading database ... 75%(Reading database ... 80%(Reading database ... 85%(Reading database ... 90%(Reading database ... 95%(Reading database ... 100%(Reading database ... 207237 files and directories currently installed.)
Preparing to unpack .../0-libsndfile1_1.0.31-2ubuntu0.2_arm64.deb ...
Unpacking libsndfile1:arm64 (1.0.31-2ubuntu0.2) over (1.0.31-2ubuntu0.1) ...
Preparing to unpack .../1-libgstreamer1.0-dev_1.20.3-0ubuntu1.1_arm64.deb ...
Unpacking libgstreamer1.0-dev:arm64 (1.20.3-0ubuntu1.1) over (1.20.3-0ubuntu1) ...
Preparing to unpack .../2-gir1.2-gstreamer-1.0_1.20.3-0ubuntu1.1_arm64.deb ...
Unpacking gir1.2-gstreamer-1.0:arm64 (1.20.3-0ubuntu1.1) over (1.20.3-0ubuntu1) ...
Preparing to unpack .../3-libglib2.0-dev_2.72.4-0ubuntu2.9_arm64.deb ...
Unpacking libglib2.0-dev:arm64 (2.72.4-0ubuntu2.9) over (2.72.4-0ubuntu2.2) ...
Preparing to unpack .../4-libglib2.0-dev-bin_2.72.4-0ubuntu2.9_arm64.deb ...
Unpacking libglib2.0-dev-bin (2.72.4-0ubuntu2.9) over (2.72.4-0ubuntu2.2) ...
Preparing to unpack .../5-libglib2.0-data_2.72.4-0ubuntu2.9_all.deb ...
Unpacking libglib2.0-data (2.72.4-0ubuntu2.9) over (2.72.4-0ubuntu2.2) ...
Preparing to unpack .../6-libglib2.0-bin_2.72.4-0ubuntu2.9_arm64.deb ...
Unpacking libglib2.0-bin (2.72.4-0ubuntu2.9) over (2.72.4-0ubuntu2.2) ...
Preparing to unpack .../7-uuid-dev_2.37.2-4ubuntu3.6_arm64.deb ...
Unpacking uuid-dev:arm64 (2.37.2-4ubuntu3.6) over (2.37.2-4ubuntu3.3) ...
Preparing to unpack .../8-libuuid1_2.37.2-4ubuntu3.6_arm64.deb ...
Unpacking libuuid1:arm64 (2.37.2-4ubuntu3.6) over (2.37.2-4ubuntu3.3) ...
Setting up libuuid1:arm64 (2.37.2-4ubuntu3.6) ...
(Reading database ... (Reading database ... 5%(Reading database ... 10%(Reading database ... 15%(Reading database ... 20%(Reading database ... 25%(Reading database ... 30%(Reading database ... 35%(Reading database ... 40%(Reading database ... 45%(Reading database ... 50%(Reading database ... 55%(Reading database ... 60%(Reading database ... 65%(Reading database ... 70%(Reading database ... 75%(Reading database ... 80%(Reading database ... 85%(Reading database ... 90%(Reading database ... 95%(Reading database ... 100%(Reading database ... 207237 files and directories currently installed.)
Preparing to unpack .../libblkid-dev_2.37.2-4ubuntu3.6_arm64.deb ...
Unpacking libblkid-dev:arm64 (2.37.2-4ubuntu3.6) over (2.37.2-4ubuntu3.3) ...
Preparing to unpack .../libblkid1_2.37.2-4ubuntu3.6_arm64.deb ...
Unpacking libblkid1:arm64 (2.37.2-4ubuntu3.6) over (2.37.2-4ubuntu3.3) ...
Setting up libblkid1:arm64 (2.37.2-4ubuntu3.6) ...
(Reading database ... (Reading database ... 5%(Reading database ... 10%(Reading database ... 15%(Reading database ... 20%(Reading database ... 25%(Reading database ... 30%(Reading database ... 35%(Reading database ... 40%(Reading database ... 45%(Reading database ... 50%(Reading database ... 55%(Reading database ... 60%(Reading database ... 65%(Reading database ... 70%(Reading database ... 75%(Reading database ... 80%(Reading database ... 85%(Reading database ... 90%(Reading database ... 95%(Reading database ... 100%(Reading database ... 207237 files and directories currently installed.)
Preparing to unpack .../libmount-dev_2.37.2-4ubuntu3.6_arm64.deb ...
Unpacking libmount-dev:arm64 (2.37.2-4ubuntu3.6) over (2.37.2-4ubuntu3.3) ...
Preparing to unpack .../libmount1_2.37.2-4ubuntu3.6_arm64.deb ...
Unpacking libmount1:arm64 (2.37.2-4ubuntu3.6) over (2.37.2-4ubuntu3.3) ...
Setting up libmount1:arm64 (2.37.2-4ubuntu3.6) ...
(Reading database ... (Reading database ... 5%(Reading database ... 10%(Reading database ... 15%(Reading database ... 20%(Reading database ... 25%(Reading database ... 30%(Reading database ... 35%(Reading database ... 40%(Reading database ... 45%(Reading database ... 50%(Reading database ... 55%(Reading database ... 60%(Reading database ... 65%(Reading database ... 70%(Reading database ... 75%(Reading database ... 80%(Reading database ... 85%(Reading database ... 90%(Reading database ... 95%(Reading database ... 100%(Reading database ... 207237 files and directories currently installed.)
Preparing to unpack .../00-libcap2-bin_1%3a2.44-1ubuntu0.22.04.3_arm64.deb ...
Unpacking libcap2-bin (1:2.44-1ubuntu0.22.04.3) over (1:2.44-1ubuntu0.22.04.1) ...
Preparing to unpack .../01-libgstreamer1.0-0_1.20.3-0ubuntu1.1_arm64.deb ...
Unpacking libgstreamer1.0-0:arm64 (1.20.3-0ubuntu1.1) over (1.20.3-0ubuntu1) ...
Preparing to unpack .../02-libgstreamer-plugins-base1.0-dev_1.20.1-1ubuntu0.6_arm64.deb ...
Unpacking libgstreamer-plugins-base1.0-dev:arm64 (1.20.1-1ubuntu0.6) over (1.20.1-1ubuntu0.1) ...
Preparing to unpack .../03-libgstreamer-gl1.0-0_1.20.1-1ubuntu0.6_arm64.deb ...
Unpacking libgstreamer-gl1.0-0:arm64 (1.20.1-1ubuntu0.6) over (1.20.1-1ubuntu0.1) ...
Preparing to unpack .../04-gir1.2-gst-plugins-base-1.0_1.20.1-1ubuntu0.6_arm64.deb ...
Unpacking gir1.2-gst-plugins-base-1.0:arm64 (1.20.1-1ubuntu0.6) over (1.20.1-1ubuntu0.1) ...
Preparing to unpack .../05-liborc-0.4-dev-bin_1%3a0.4.32-2ubuntu0.1_arm64.deb ...
Unpacking liborc-0.4-dev-bin (1:0.4.32-2ubuntu0.1) over (1:0.4.32-2) ...
Preparing to unpack .../06-liborc-0.4-dev_1%3a0.4.32-2ubuntu0.1_arm64.deb ...
Unpacking liborc-0.4-dev:arm64 (1:0.4.32-2ubuntu0.1) over (1:0.4.32-2) ...
Preparing to unpack .../07-liborc-0.4-0_1%3a0.4.32-2ubuntu0.1_arm64.deb ...
Unpacking liborc-0.4-0:arm64 (1:0.4.32-2ubuntu0.1) over (1:0.4.32-2) ...
Preparing to unpack .../08-libgstreamer-plugins-base1.0-0_1.20.1-1ubuntu0.6_arm64.deb ...
Unpacking libgstreamer-plugins-base1.0-0:arm64 (1.20.1-1ubuntu0.6) over (1.20.1-1ubuntu0.1) ...
Preparing to unpack .../09-libfreerdp-client2-2_2.6.1+dfsg1-3ubuntu2.11_arm64.deb ...
Unpacking libfreerdp-client2-2:arm64 (2.6.1+dfsg1-3ubuntu2.11) over (2.6.1+dfsg1-3ubuntu2.5) ...
Preparing to unpack .../10-libfreerdp-server2-2_2.6.1+dfsg1-3ubuntu2.11_arm64.deb ...
Unpacking libfreerdp-server2-2:arm64 (2.6.1+dfsg1-3ubuntu2.11) over (2.6.1+dfsg1-3ubuntu2.5) ...
Preparing to unpack .../11-libfreerdp2-2_2.6.1+dfsg1-3ubuntu2.11_arm64.deb ...
Unpacking libfreerdp2-2:arm64 (2.6.1+dfsg1-3ubuntu2.11) over (2.6.1+dfsg1-3ubuntu2.5) ...
Preparing to unpack .../12-libwinpr2-2_2.6.1+dfsg1-3ubuntu2.11_arm64.deb ...
Unpacking libwinpr2-2:arm64 (2.6.1+dfsg1-3ubuntu2.11) over (2.6.1+dfsg1-3ubuntu2.5) ...
Preparing to unpack .../13-libvncserver1_0.9.13+dfsg-3ubuntu0.2_arm64.deb ...
Unpacking libvncserver1:arm64 (0.9.13+dfsg-3ubuntu0.2) over (0.9.13+dfsg-3build2) ...
Preparing to unpack .../14-pkexec_0.105-33ubuntu0.2_arm64.deb ...
Unpacking pkexec (0.105-33ubuntu0.2) over (0.105-33) ...
Preparing to unpack .../15-polkitd_0.105-33ubuntu0.2_arm64.deb ...
Unpacking polkitd (0.105-33ubuntu0.2) over (0.105-33) ...
Preparing to unpack .../16-policykit-1_0.105-33ubuntu0.2_arm64.deb ...
Unpacking policykit-1 (0.105-33ubuntu0.2) over (0.105-33) ...
Preparing to unpack .../17-libpam0g_1.4.0-11ubuntu2.8_arm64.deb ...
Unpacking libpam0g:arm64 (1.4.0-11ubuntu2.8) over (1.4.0-11ubuntu2.4) ...
Setting up libpam0g:arm64 (1.4.0-11ubuntu2.8) ...
(Reading database ... (Reading database ... 5%(Reading database ... 10%(Reading database ... 15%(Reading database ... 20%(Reading database ... 25%(Reading database ... 30%(Reading database ... 35%(Reading database ... 40%(Reading database ... 45%(Reading database ... 50%(Reading database ... 55%(Reading database ... 60%(Reading database ... 65%(Reading database ... 70%(Reading database ... 75%(Reading database ... 80%(Reading database ... 85%(Reading database ... 90%(Reading database ... 95%(Reading database ... 100%(Reading database ... 207237 files and directories currently installed.)
Preparing to unpack .../gir1.2-polkit-1.0_0.105-33ubuntu0.2_arm64.deb ...
Unpacking gir1.2-polkit-1.0 (0.105-33ubuntu0.2) over (0.105-33) ...
Preparing to unpack .../libpolkit-agent-1-0_0.105-33ubuntu0.2_arm64.deb ...
Unpacking libpolkit-agent-1-0:arm64 (0.105-33ubuntu0.2) over (0.105-33) ...
Preparing to unpack .../libpam-modules-bin_1.4.0-11ubuntu2.8_arm64.deb ...
Unpacking libpam-modules-bin (1.4.0-11ubuntu2.8) over (1.4.0-11ubuntu2.4) ...
Setting up libpam-modules-bin (1.4.0-11ubuntu2.8) ...
(Reading database ... (Reading database ... 5%(Reading database ... 10%(Reading database ... 15%(Reading database ... 20%(Reading database ... 25%(Reading database ... 30%(Reading database ... 35%(Reading database ... 40%(Reading database ... 45%(Reading database ... 50%(Reading database ... 55%(Reading database ... 60%(Reading database ... 65%(Reading database ... 70%(Reading database ... 75%(Reading database ... 80%(Reading database ... 85%(Reading database ... 90%(Reading database ... 95%(Reading database ... 100%(Reading database ... 207237 files and directories currently installed.)
Preparing to unpack .../libpam-modules_1.4.0-11ubuntu2.8_arm64.deb ...
Unpacking libpam-modules:arm64 (1.4.0-11ubuntu2.8) over (1.4.0-11ubuntu2.4) ...
Setting up libpam-modules:arm64 (1.4.0-11ubuntu2.8) ...
Installing new version of config file /etc/security/namespace.init ...
(Reading database ... (Reading database ... 5%(Reading database ... 10%(Reading database ... 15%(Reading database ... 20%(Reading database ... 25%(Reading database ... 30%(Reading database ... 35%(Reading database ... 40%(Reading database ... 45%(Reading database ... 50%(Reading database ... 55%(Reading database ... 60%(Reading database ... 65%(Reading database ... 70%(Reading database ... 75%(Reading database ... 80%(Reading database ... 85%(Reading database ... 90%(Reading database ... 95%(Reading database ... 100%(Reading database ... 207237 files and directories currently installed.)
Preparing to unpack .../libpam-runtime_1.4.0-11ubuntu2.8_all.deb ...
Unpacking libpam-runtime (1.4.0-11ubuntu2.8) over (1.4.0-11ubuntu2.4) ...
Setting up libpam-runtime (1.4.0-11ubuntu2.8) ...
(Reading database ... (Reading database ... 5%(Reading database ... 10%(Reading database ... 15%(Reading database ... 20%(Reading database ... 25%(Reading database ... 30%(Reading database ... 35%(Reading database ... 40%(Reading database ... 45%(Reading database ... 50%(Reading database ... 55%(Reading database ... 60%(Reading database ... 65%(Reading database ... 70%(Reading database ... 75%(Reading database ... 80%(Reading database ... 85%(Reading database ... 90%(Reading database ... 95%(Reading database ... 100%(Reading database ... 207237 files and directories currently installed.)
Preparing to unpack .../00-libpolkit-gobject-1-0_0.105-33ubuntu0.2_arm64.deb ...
Unpacking libpolkit-gobject-1-0:arm64 (0.105-33ubuntu0.2) over (0.105-33) ...
Preparing to unpack .../01-libaccountsservice0_22.07.5-2ubuntu1.6_arm64.deb ...
Unpacking libaccountsservice0:arm64 (22.07.5-2ubuntu1.6) over (22.07.5-2ubuntu1.5) ...
Preparing to unpack .../02-accountsservice_22.07.5-2ubuntu1.6_arm64.deb ...
Unpacking accountsservice (22.07.5-2ubuntu1.6) over (22.07.5-2ubuntu1.5) ...
Preparing to unpack .../03-libmm-glib0_1.20.0-1~ubuntu22.04.4_arm64.deb ...
Unpacking libmm-glib0:arm64 (1.20.0-1~ubuntu22.04.4) over (1.20.0-1~ubuntu22.04.3) ...
Preparing to unpack .../04-libbluetooth3_5.64-0ubuntu1.4_arm64.deb ...
Unpacking libbluetooth3:arm64 (5.64-0ubuntu1.4) over (5.64-0ubuntu1.1) ...
Preparing to unpack .../05-libndp0_1.8-0ubuntu3.1_arm64.deb ...
Unpacking libndp0:arm64 (1.8-0ubuntu3.1) over (1.8-0ubuntu3) ...
Preparing to unpack .../06-network-manager_1.36.6-0ubuntu2.5_arm64.deb ...
Unpacking network-manager (1.36.6-0ubuntu2.5) over (1.36.6-0ubuntu2.1) ...
Preparing to unpack .../07-libnm0_1.36.6-0ubuntu2.5_arm64.deb ...
Unpacking libnm0:arm64 (1.36.6-0ubuntu2.5) over (1.36.6-0ubuntu2.1) ...
Preparing to unpack .../08-libsmbclient_2%3a4.15.13+dfsg-0ubuntu1.13_arm64.deb ...
Unpacking libsmbclient:arm64 (2:4.15.13+dfsg-0ubuntu1.13) over (2:4.15.13+dfsg-0ubuntu1.6) ...
Preparing to unpack .../09-samba-libs_2%3a4.15.13+dfsg-0ubuntu1.13_arm64.deb ...
Unpacking samba-libs:arm64 (2:4.15.13+dfsg-0ubuntu1.13) over (2:4.15.13+dfsg-0ubuntu1.6) ...
Preparing to unpack .../10-libwbclient0_2%3a4.15.13+dfsg-0ubuntu1.13_arm64.deb ...
Unpacking libwbclient0:arm64 (2:4.15.13+dfsg-0ubuntu1.13) over (2:4.15.13+dfsg-0ubuntu1.6) ...
Preparing to unpack .../11-python3.10-dev_3.10.12-1~22.04.18_arm64.deb ...
Unpacking python3.10-dev (3.10.12-1~22.04.18) over (3.10.12-1~22.04.11) ...
Preparing to unpack .../12-libpython3.10-dev_3.10.12-1~22.04.18_arm64.deb ...
Unpacking libpython3.10-dev:arm64 (3.10.12-1~22.04.18) over (3.10.12-1~22.04.11) ...
Preparing to unpack .../13-python3.10-venv_3.10.12-1~22.04.18_arm64.deb ...
Unpacking python3.10-venv (3.10.12-1~22.04.18) over (3.10.12-1~22.04.11) ...
Preparing to unpack .../14-python3.10_3.10.12-1~22.04.18_arm64.deb ...
Unpacking python3.10 (3.10.12-1~22.04.18) over (3.10.12-1~22.04.11) ...
Preparing to unpack .../15-python3.10-minimal_3.10.12-1~22.04.18_arm64.deb ...
Unpacking python3.10-minimal (3.10.12-1~22.04.18) over (3.10.12-1~22.04.11) ...
Preparing to unpack .../16-libpython3.10_3.10.12-1~22.04.18_arm64.deb ...
Unpacking libpython3.10:arm64 (3.10.12-1~22.04.18) over (3.10.12-1~22.04.11) ...
Preparing to unpack .../17-libpython3.10-stdlib_3.10.12-1~22.04.18_arm64.deb ...
Unpacking libpython3.10-stdlib:arm64 (3.10.12-1~22.04.18) over (3.10.12-1~22.04.11) ...
Preparing to unpack .../18-libpython3.10-minimal_3.10.12-1~22.04.18_arm64.deb ...
Unpacking libpython3.10-minimal:arm64 (3.10.12-1~22.04.18) over (3.10.12-1~22.04.11) ...
Preparing to unpack .../19-libsqlite3-0_3.37.2-2ubuntu0.8_arm64.deb ...
Unpacking libsqlite3-0:arm64 (3.37.2-2ubuntu0.8) over (3.37.2-2ubuntu0.3) ...
Preparing to unpack .../20-libudisks2-0_2.9.4-1ubuntu2.3_arm64.deb ...
Unpacking libudisks2-0:arm64 (2.9.4-1ubuntu2.3) over (2.9.4-1ubuntu2) ...
Preparing to unpack .../21-libnspr4_2%3a4.35-0ubuntu0.22.04.1_arm64.deb ...
Unpacking libnspr4:arm64 (2:4.35-0ubuntu0.22.04.1) over (2:4.32-3build1) ...
Preparing to unpack .../22-libnss3_2%3a3.98-0ubuntu0.22.04.4_arm64.deb ...
Unpacking libnss3:arm64 (2:3.98-0ubuntu0.22.04.4) over (2:3.68.2-0ubuntu1.2) ...
Preparing to unpack .../23-evolution-data-server_3.44.4-0ubuntu1.2_arm64.deb ...
Unpacking evolution-data-server (3.44.4-0ubuntu1.2) over (3.44.4-0ubuntu1.1) ...
Preparing to unpack .../24-libcamel-1.2-63_3.44.4-0ubuntu1.2_arm64.deb ...
Unpacking libcamel-1.2-63:arm64 (3.44.4-0ubuntu1.2) over (3.44.4-0ubuntu1.1) ...
Preparing to unpack .../25-libecal-2.0-1_3.44.4-0ubuntu1.2_arm64.deb ...
Unpacking libecal-2.0-1:arm64 (3.44.4-0ubuntu1.2) over (3.44.4-0ubuntu1.1) ...
Preparing to unpack .../26-gir1.2-soup-2.4_2.74.2-3ubuntu0.8_arm64.deb ...
Unpacking gir1.2-soup-2.4:arm64 (2.74.2-3ubuntu0.8) over (2.74.2-3) ...
Preparing to unpack .../27-libsoup-gnome2.4-1_2.74.2-3ubuntu0.8_arm64.deb ...
Unpacking libsoup-gnome2.4-1:arm64 (2.74.2-3ubuntu0.8) over (2.74.2-3) ...
Preparing to unpack .../28-libsoup2.4-common_2.74.2-3ubuntu0.8_all.deb ...
Unpacking libsoup2.4-common (2.74.2-3ubuntu0.8) over (2.74.2-3) ...
Preparing to unpack .../29-libsoup2.4-1_2.74.2-3ubuntu0.8_arm64.deb ...
Unpacking libsoup2.4-1:arm64 (2.74.2-3ubuntu0.8) over (2.74.2-3) ...
Preparing to unpack .../30-gir1.2-webkit2-4.0_2.50.4-0ubuntu0.22.04.1_arm64.deb ...
Unpacking gir1.2-webkit2-4.0:arm64 (2.50.4-0ubuntu0.22.04.1) over (2.42.5-0ubuntu0.22.04.2) ...
Preparing to unpack .../31-gir1.2-javascriptcoregtk-4.0_2.50.4-0ubuntu0.22.04.1_arm64.deb ...
Unpacking gir1.2-javascriptcoregtk-4.0:arm64 (2.50.4-0ubuntu0.22.04.1) over (2.42.5-0ubuntu0.22.04.2) ...
Preparing to unpack .../32-libwebkit2gtk-4.0-37_2.50.4-0ubuntu0.22.04.1_arm64.deb ...
Unpacking libwebkit2gtk-4.0-37:arm64 (2.50.4-0ubuntu0.22.04.1) over (2.42.5-0ubuntu0.22.04.2) ...
Preparing to unpack .../33-libjavascriptcoregtk-4.0-18_2.50.4-0ubuntu0.22.04.1_arm64.deb ...
Unpacking libjavascriptcoregtk-4.0-18:arm64 (2.50.4-0ubuntu0.22.04.1) over (2.42.5-0ubuntu0.22.04.2) ...
Preparing to unpack .../34-gstreamer1.0-plugins-base_1.20.1-1ubuntu0.6_arm64.deb ...
Unpacking gstreamer1.0-plugins-base:arm64 (1.20.1-1ubuntu0.6) over (1.20.1-1ubuntu0.1) ...
Preparing to unpack .../35-libgstreamer-plugins-good1.0-dev_1.20.3-0ubuntu1.8_arm64.deb ...
Unpacking libgstreamer-plugins-good1.0-dev (1.20.3-0ubuntu1.8) over (1.20.3-0ubuntu1.1) ...
Preparing to unpack .../36-gstreamer1.0-plugins-good_1.20.3-0ubuntu1.8_arm64.deb ...
Unpacking gstreamer1.0-plugins-good:arm64 (1.20.3-0ubuntu1.8) over (1.20.3-0ubuntu1.1) ...
Preparing to unpack .../37-libgstreamer-plugins-good1.0-0_1.20.3-0ubuntu1.8_arm64.deb ...
Unpacking libgstreamer-plugins-good1.0-0:arm64 (1.20.3-0ubuntu1.8) over (1.20.3-0ubuntu1.1) ...
Preparing to unpack .../38-libcaca0_0.99.beta19-2.2ubuntu4.2_arm64.deb ...
Unpacking libcaca0:arm64 (0.99.beta19-2.2ubuntu4.2) over (0.99.beta19-2.2ubuntu4) ...
Preparing to unpack .../39-libmpg123-0_1.29.3-1ubuntu0.1_arm64.deb ...
Unpacking libmpg123-0:arm64 (1.29.3-1ubuntu0.1) over (1.29.3-1build1) ...
Preparing to unpack .../40-libvpx7_1.11.0-2ubuntu2.5_arm64.deb ...
Unpacking libvpx7:arm64 (1.11.0-2ubuntu2.5) over (1.11.0-2ubuntu2.2) ...
Preparing to unpack .../41-bubblewrap_0.6.1-1ubuntu0.3_arm64.deb ...
Unpacking bubblewrap (0.6.1-1ubuntu0.3) over (0.6.1-1) ...
Preparing to unpack .../42-xdg-dbus-proxy_0.1.3-1ubuntu0.1_arm64.deb ...
Unpacking xdg-dbus-proxy (0.1.3-1ubuntu0.1) over (0.1.3-1) ...
Preparing to unpack .../43-libharfbuzz-icu0_2.7.4-1ubuntu3.2_arm64.deb ...
Unpacking libharfbuzz-icu0:arm64 (2.7.4-1ubuntu3.2) over (2.7.4-1ubuntu3.1) ...
Preparing to unpack .../44-liblcms2-2_2.12~rc1-2ubuntu0.1_arm64.deb ...
Unpacking liblcms2-2:arm64 (2.12~rc1-2ubuntu0.1) over (2.12~rc1-2build2) ...
Preparing to unpack .../45-libseccomp2_2.5.3-2ubuntu3~22.04.1_arm64.deb ...
Unpacking libseccomp2:arm64 (2.5.3-2ubuntu3~22.04.1) over (2.5.3-2ubuntu2) ...
Setting up libseccomp2:arm64 (2.5.3-2ubuntu3~22.04.1) ...
(Reading database ... (Reading database ... 5%(Reading database ... 10%(Reading database ... 15%(Reading database ... 20%(Reading database ... 25%(Reading database ... 30%(Reading database ... 35%(Reading database ... 40%(Reading database ... 45%(Reading database ... 50%(Reading database ... 55%(Reading database ... 60%(Reading database ... 65%(Reading database ... 70%(Reading database ... 75%(Reading database ... 80%(Reading database ... 85%(Reading database ... 90%(Reading database ... 95%(Reading database ... 100%(Reading database ... 207237 files and directories currently installed.)
Preparing to unpack .../00-libxslt1.1_1.1.34-4ubuntu0.22.04.5_arm64.deb ...
Unpacking libxslt1.1:arm64 (1.1.34-4ubuntu0.22.04.5) over (1.1.34-4ubuntu0.22.04.1) ...
Preparing to unpack .../01-evolution-data-server-common_3.44.4-0ubuntu1.2_all.deb ...
Unpacking evolution-data-server-common (3.44.4-0ubuntu1.2) over (3.44.4-0ubuntu1.1) ...
Preparing to unpack .../02-libedataserverui-1.2-3_3.44.4-0ubuntu1.2_arm64.deb ...
Unpacking libedataserverui-1.2-3:arm64 (3.44.4-0ubuntu1.2) over (3.44.4-0ubuntu1.1) ...
Preparing to unpack .../03-libedata-cal-2.0-1_3.44.4-0ubuntu1.2_arm64.deb ...
Unpacking libedata-cal-2.0-1:arm64 (3.44.4-0ubuntu1.2) over (3.44.4-0ubuntu1.1) ...
Preparing to unpack .../04-libebook-contacts-1.2-3_3.44.4-0ubuntu1.2_arm64.deb ...
Unpacking libebook-contacts-1.2-3:arm64 (3.44.4-0ubuntu1.2) over (3.44.4-0ubuntu1.1) ...
Preparing to unpack .../05-libedata-book-1.2-26_3.44.4-0ubuntu1.2_arm64.deb ...
Unpacking libedata-book-1.2-26:arm64 (3.44.4-0ubuntu1.2) over (3.44.4-0ubuntu1.1) ...
Preparing to unpack .../06-libebook-1.2-20_3.44.4-0ubuntu1.2_arm64.deb ...
Unpacking libebook-1.2-20:arm64 (3.44.4-0ubuntu1.2) over (3.44.4-0ubuntu1.1) ...
Preparing to unpack .../07-libebackend-1.2-10_3.44.4-0ubuntu1.2_arm64.deb ...
Unpacking libebackend-1.2-10:arm64 (3.44.4-0ubuntu1.2) over (3.44.4-0ubuntu1.1) ...
Preparing to unpack .../08-libedataserver-1.2-26_3.44.4-0ubuntu1.2_arm64.deb ...
Unpacking libedataserver-1.2-26:arm64 (3.44.4-0ubuntu1.2) over (3.44.4-0ubuntu1.1) ...
Preparing to unpack .../09-gir1.2-accountsservice-1.0_22.07.5-2ubuntu1.6_arm64.deb ...
Unpacking gir1.2-accountsservice-1.0:arm64 (22.07.5-2ubuntu1.6) over (22.07.5-2ubuntu1.5) ...
Preparing to unpack .../10-libgtk-4-common_4.6.9+ds-0ubuntu0.22.04.2_all.deb ...
Unpacking libgtk-4-common (4.6.9+ds-0ubuntu0.22.04.2) over (4.6.9+ds-0ubuntu0.22.04.1) ...
Preparing to unpack .../11-libgtk-4-1_4.6.9+ds-0ubuntu0.22.04.2_arm64.deb ...
Unpacking libgtk-4-1:arm64 (4.6.9+ds-0ubuntu0.22.04.2) over (4.6.9+ds-0ubuntu0.22.04.1) ...
Preparing to unpack .../12-gir1.2-gtk-4.0_4.6.9+ds-0ubuntu0.22.04.2_arm64.deb ...
Unpacking gir1.2-gtk-4.0:arm64 (4.6.9+ds-0ubuntu0.22.04.2) over (4.6.9+ds-0ubuntu0.22.04.1) ...
Preparing to unpack .../13-gir1.2-nm-1.0_1.36.6-0ubuntu2.5_arm64.deb ...
Unpacking gir1.2-nm-1.0:arm64 (1.36.6-0ubuntu2.5) over (1.36.6-0ubuntu2) ...
Preparing to unpack .../14-libglib2.0-tests_2.72.4-0ubuntu2.9_arm64.deb ...
Unpacking libglib2.0-tests (2.72.4-0ubuntu2.9) over (2.72.4-0ubuntu2.2) ...
Preparing to unpack .../15-libglib2.0-0_2.72.4-0ubuntu2.9_arm64.deb ...
Unpacking libglib2.0-0:arm64 (2.72.4-0ubuntu2.9) over (2.72.4-0ubuntu2.2) ...
Preparing to unpack .../16-kmod_29-1ubuntu1.1_arm64.deb ...
Unpacking kmod (29-1ubuntu1.1) over (29-1ubuntu1) ...
Preparing to unpack .../17-libkmod2_29-1ubuntu1.1_arm64.deb ...
Unpacking libkmod2:arm64 (29-1ubuntu1.1) over (29-1ubuntu1) ...
Preparing to unpack .../18-libblockdev-part-err2_2.26-1ubuntu0.1_arm64.deb ...
Unpacking libblockdev-part-err2:arm64 (2.26-1ubuntu0.1) over (2.26-1) ...
Preparing to unpack .../19-libblockdev-utils2_2.26-1ubuntu0.1_arm64.deb ...
Unpacking libblockdev-utils2:arm64 (2.26-1ubuntu0.1) over (2.26-1) ...
Preparing to unpack .../20-libfdisk1_2.37.2-4ubuntu3.6_arm64.deb ...
Unpacking libfdisk1:arm64 (2.37.2-4ubuntu3.6) over (2.37.2-4ubuntu3.3) ...
Preparing to unpack .../21-libsmartcols1_2.37.2-4ubuntu3.6_arm64.deb ...
Unpacking libsmartcols1:arm64 (2.37.2-4ubuntu3.6) over (2.37.2-4ubuntu3.3) ...
Setting up libsmartcols1:arm64 (2.37.2-4ubuntu3.6) ...
(Reading database ... (Reading database ... 5%(Reading database ... 10%(Reading database ... 15%(Reading database ... 20%(Reading database ... 25%(Reading database ... 30%(Reading database ... 35%(Reading database ... 40%(Reading database ... 45%(Reading database ... 50%(Reading database ... 55%(Reading database ... 60%(Reading database ... 65%(Reading database ... 70%(Reading database ... 75%(Reading database ... 80%(Reading database ... 85%(Reading database ... 90%(Reading database ... 95%(Reading database ... 100%(Reading database ... 207240 files and directories currently installed.)
Preparing to unpack .../fdisk_2.37.2-4ubuntu3.6_arm64.deb ...
Unpacking fdisk (2.37.2-4ubuntu3.6) over (2.37.2-4ubuntu3.3) ...
Preparing to unpack .../libblockdev-part2_2.26-1ubuntu0.1_arm64.deb ...
Unpacking libblockdev-part2:arm64 (2.26-1ubuntu0.1) over (2.26-1) ...
Preparing to unpack .../util-linux_2.37.2-4ubuntu3.6_arm64.deb ...
Unpacking util-linux (2.37.2-4ubuntu3.6) over (2.37.2-4ubuntu3.3) ...
Setting up util-linux (2.37.2-4ubuntu3.6) ...
fstrim.service is a disabled or a static unit not running, not starting it.
(Reading database ... (Reading database ... 5%(Reading database ... 10%(Reading database ... 15%(Reading database ... 20%(Reading database ... 25%(Reading database ... 30%(Reading database ... 35%(Reading database ... 40%(Reading database ... 45%(Reading database ... 50%(Reading database ... 55%(Reading database ... 60%(Reading database ... 65%(Reading database ... 70%(Reading database ... 75%(Reading database ... 80%(Reading database ... 85%(Reading database ... 90%(Reading database ... 95%(Reading database ... 100%(Reading database ... 207240 files and directories currently installed.)
Preparing to unpack .../0-libxfont2_1%3a2.0.5-1ubuntu0.2_arm64.deb ...
Unpacking libxfont2:arm64 (1:2.0.5-1ubuntu0.2) over (1:2.0.5-1build1) ...
Preparing to unpack .../1-libapparmor1_3.0.4-2ubuntu2.5_arm64.deb ...
Unpacking libapparmor1:arm64 (3.0.4-2ubuntu2.5) over (3.0.4-2ubuntu2.3) ...
Preparing to unpack .../2-libdevmapper1.02.1_2%3a1.02.175-2.1ubuntu5_arm64.deb ...
Unpacking libdevmapper1.02.1:arm64 (2:1.02.175-2.1ubuntu5) over (2:1.02.175-2.1ubuntu4) ...
Preparing to unpack .../3-libcryptsetup12_2%3a2.4.3-1ubuntu1.3_arm64.deb ...
Unpacking libcryptsetup12:arm64 (2:2.4.3-1ubuntu1.3) over (2:2.4.3-1ubuntu1.2) ...
Preparing to unpack .../4-mount_2.37.2-4ubuntu3.6_arm64.deb ...
Unpacking mount (2.37.2-4ubuntu3.6) over (2.37.2-4ubuntu3.3) ...
Preparing to unpack .../5-libapt-pkg6.0_2.4.14_arm64.deb ...
Unpacking libapt-pkg6.0:arm64 (2.4.14) over (2.4.12) ...
Setting up libapt-pkg6.0:arm64 (2.4.14) ...
(Reading database ... (Reading database ... 5%(Reading database ... 10%(Reading database ... 15%(Reading database ... 20%(Reading database ... 25%(Reading database ... 30%(Reading database ... 35%(Reading database ... 40%(Reading database ... 45%(Reading database ... 50%(Reading database ... 55%(Reading database ... 60%(Reading database ... 65%(Reading database ... 70%(Reading database ... 75%(Reading database ... 80%(Reading database ... 85%(Reading database ... 90%(Reading database ... 95%(Reading database ... 100%(Reading database ... 207240 files and directories currently installed.)
Preparing to unpack .../tar_1.34+dfsg-1ubuntu0.1.22.04.6_arm64.deb ...
Unpacking tar (1.34+dfsg-1ubuntu0.1.22.04.6) over (1.34+dfsg-1ubuntu0.1.22.04.2) ...
Setting up tar (1.34+dfsg-1ubuntu0.1.22.04.6) ...
(Reading database ... (Reading database ... 5%(Reading database ... 10%(Reading database ... 15%(Reading database ... 20%(Reading database ... 25%(Reading database ... 30%(Reading database ... 35%(Reading database ... 40%(Reading database ... 45%(Reading database ... 50%(Reading database ... 55%(Reading database ... 60%(Reading database ... 65%(Reading database ... 70%(Reading database ... 75%(Reading database ... 80%(Reading database ... 85%(Reading database ... 90%(Reading database ... 95%(Reading database ... 100%(Reading database ... 207240 files and directories currently installed.)
Preparing to unpack .../dpkg_1.21.1ubuntu2.6_arm64.deb ...
Unpacking dpkg (1.21.1ubuntu2.6) over (1.21.1ubuntu2.3) ...
Setting up dpkg (1.21.1ubuntu2.6) ...
dpkg-db-backup.service is a disabled or a static unit not running, not starting it.
(Reading database ... (Reading database ... 5%(Reading database ... 10%(Reading database ... 15%(Reading database ... 20%(Reading database ... 25%(Reading database ... 30%(Reading database ... 35%(Reading database ... 40%(Reading database ... 45%(Reading database ... 50%(Reading database ... 55%(Reading database ... 60%(Reading database ... 65%(Reading database ... 70%(Reading database ... 75%(Reading database ... 80%(Reading database ... 85%(Reading database ... 90%(Reading database ... 95%(Reading database ... 100%(Reading database ... 207240 files and directories currently installed.)
Preparing to unpack .../gzip_1.10-4ubuntu4.2_arm64.deb ...
Unpacking gzip (1.10-4ubuntu4.2) over (1.10-4ubuntu4.1) ...
Setting up gzip (1.10-4ubuntu4.2) ...
(Reading database ... (Reading database ... 5%(Reading database ... 10%(Reading database ... 15%(Reading database ... 20%(Reading database ... 25%(Reading database ... 30%(Reading database ... 35%(Reading database ... 40%(Reading database ... 45%(Reading database ... 50%(Reading database ... 55%(Reading database ... 60%(Reading database ... 65%(Reading database ... 70%(Reading database ... 75%(Reading database ... 80%(Reading database ... 85%(Reading database ... 90%(Reading database ... 95%(Reading database ... 100%(Reading database ... 207240 files and directories currently installed.)
Preparing to unpack .../ncurses-bin_6.3-2ubuntu0.3_arm64.deb ...
Unpacking ncurses-bin (6.3-2ubuntu0.3) over (6.3-2ubuntu0.1) ...
Setting up ncurses-bin (6.3-2ubuntu0.3) ...
(Reading database ... (Reading database ... 5%(Reading database ... 10%(Reading database ... 15%(Reading database ... 20%(Reading database ... 25%(Reading database ... 30%(Reading database ... 35%(Reading database ... 40%(Reading database ... 45%(Reading database ... 50%(Reading database ... 55%(Reading database ... 60%(Reading database ... 65%(Reading database ... 70%(Reading database ... 75%(Reading database ... 80%(Reading database ... 85%(Reading database ... 90%(Reading database ... 95%(Reading database ... 100%(Reading database ... 207240 files and directories currently installed.)
Preparing to unpack .../libperl5.34_5.34.0-3ubuntu1.9_arm64.deb ...
Unpacking libperl5.34:arm64 (5.34.0-3ubuntu1.9) over (5.34.0-3ubuntu1.3) ...
Preparing to unpack .../perl_5.34.0-3ubuntu1.9_arm64.deb ...
Unpacking perl (5.34.0-3ubuntu1.9) over (5.34.0-3ubuntu1.3) ...
Preparing to unpack .../perl-base_5.34.0-3ubuntu1.9_arm64.deb ...
Unpacking perl-base (5.34.0-3ubuntu1.9) over (5.34.0-3ubuntu1.3) ...
Setting up perl-base (5.34.0-3ubuntu1.9) ...
(Reading database ... (Reading database ... 5%(Reading database ... 10%(Reading database ... 15%(Reading database ... 20%(Reading database ... 25%(Reading database ... 30%(Reading database ... 35%(Reading database ... 40%(Reading database ... 45%(Reading database ... 50%(Reading database ... 55%(Reading database ... 60%(Reading database ... 65%(Reading database ... 70%(Reading database ... 75%(Reading database ... 80%(Reading database ... 85%(Reading database ... 90%(Reading database ... 95%(Reading database ... 100%(Reading database ... 207240 files and directories currently installed.)
Preparing to unpack .../perl-modules-5.34_5.34.0-3ubuntu1.9_all.deb ...
Unpacking perl-modules-5.34 (5.34.0-3ubuntu1.9) over (5.34.0-3ubuntu1.3) ...
Preparing to unpack .../sed_4.8-1ubuntu2.1_arm64.deb ...
Unpacking sed (4.8-1ubuntu2.1) over (4.8-1ubuntu2) ...
Setting up sed (4.8-1ubuntu2.1) ...
(Reading database ... (Reading database ... 5%(Reading database ... 10%(Reading database ... 15%(Reading database ... 20%(Reading database ... 25%(Reading database ... 30%(Reading database ... 35%(Reading database ... 40%(Reading database ... 45%(Reading database ... 50%(Reading database ... 55%(Reading database ... 60%(Reading database ... 65%(Reading database ... 70%(Reading database ... 75%(Reading database ... 80%(Reading database ... 85%(Reading database ... 90%(Reading database ... 95%(Reading database ... 100%(Reading database ... 207240 files and directories currently installed.)
Preparing to unpack .../libc-bin_2.35-0ubuntu3.15_arm64.deb ...
Unpacking libc-bin (2.35-0ubuntu3.15) over (2.35-0ubuntu3.6) ...
Setting up libc-bin (2.35-0ubuntu3.15) ...
(Reading database ... (Reading database ... 5%(Reading database ... 10%(Reading database ... 15%(Reading database ... 20%(Reading database ... 25%(Reading database ... 30%(Reading database ... 35%(Reading database ... 40%(Reading database ... 45%(Reading database ... 50%(Reading database ... 55%(Reading database ... 60%(Reading database ... 65%(Reading database ... 70%(Reading database ... 75%(Reading database ... 80%(Reading database ... 85%(Reading database ... 90%(Reading database ... 95%(Reading database ... 100%(Reading database ... 207240 files and directories currently installed.)
Preparing to unpack .../ncurses-base_6.3-2ubuntu0.3_all.deb ...
Unpacking ncurses-base (6.3-2ubuntu0.3) over (6.3-2ubuntu0.1) ...
Setting up ncurses-base (6.3-2ubuntu0.3) ...
(Reading database ... (Reading database ... 5%(Reading database ... 10%(Reading database ... 15%(Reading database ... 20%(Reading database ... 25%(Reading database ... 30%(Reading database ... 35%(Reading database ... 40%(Reading database ... 45%(Reading database ... 50%(Reading database ... 55%(Reading database ... 60%(Reading database ... 65%(Reading database ... 70%(Reading database ... 75%(Reading database ... 80%(Reading database ... 85%(Reading database ... 90%(Reading database ... 95%(Reading database ... 100%(Reading database ... 207240 files and directories currently installed.)
Preparing to unpack .../00-gpg-wks-client_2.2.27-3ubuntu2.5_arm64.deb ...
Unpacking gpg-wks-client (2.2.27-3ubuntu2.5) over (2.2.27-3ubuntu2.4) ...
Preparing to unpack .../01-dirmngr_2.2.27-3ubuntu2.5_arm64.deb ...
Unpacking dirmngr (2.2.27-3ubuntu2.5) over (2.2.27-3ubuntu2.4) ...
Preparing to unpack .../02-gpg-wks-server_2.2.27-3ubuntu2.5_arm64.deb ...
Unpacking gpg-wks-server (2.2.27-3ubuntu2.5) over (2.2.27-3ubuntu2.4) ...
Preparing to unpack .../03-gnupg-utils_2.2.27-3ubuntu2.5_arm64.deb ...
Unpacking gnupg-utils (2.2.27-3ubuntu2.5) over (2.2.27-3ubuntu2.4) ...
Preparing to unpack .../04-gpg-agent_2.2.27-3ubuntu2.5_arm64.deb ...
Unpacking gpg-agent (2.2.27-3ubuntu2.5) over (2.2.27-3ubuntu2.4) ...
Preparing to unpack .../05-gpg_2.2.27-3ubuntu2.5_arm64.deb ...
Unpacking gpg (2.2.27-3ubuntu2.5) over (2.2.27-3ubuntu2.4) ...
Preparing to unpack .../06-gpgconf_2.2.27-3ubuntu2.5_arm64.deb ...
Unpacking gpgconf (2.2.27-3ubuntu2.5) over (2.2.27-3ubuntu2.4) ...
Preparing to unpack .../07-gnupg-l10n_2.2.27-3ubuntu2.5_all.deb ...
Unpacking gnupg-l10n (2.2.27-3ubuntu2.5) over (2.2.27-3ubuntu2.4) ...
Preparing to unpack .../08-gnupg_2.2.27-3ubuntu2.5_all.deb ...
Unpacking gnupg (2.2.27-3ubuntu2.5) over (2.2.27-3ubuntu2.4) ...
Preparing to unpack .../09-gpgsm_2.2.27-3ubuntu2.5_arm64.deb ...
Unpacking gpgsm (2.2.27-3ubuntu2.5) over (2.2.27-3ubuntu2.4) ...
Preparing to unpack .../10-gpgv_2.2.27-3ubuntu2.5_arm64.deb ...
Unpacking gpgv (2.2.27-3ubuntu2.5) over (2.2.27-3ubuntu2.4) ...
Setting up gpgv (2.2.27-3ubuntu2.5) ...
(Reading database ... (Reading database ... 5%(Reading database ... 10%(Reading database ... 15%(Reading database ... 20%(Reading database ... 25%(Reading database ... 30%(Reading database ... 35%(Reading database ... 40%(Reading database ... 45%(Reading database ... 50%(Reading database ... 55%(Reading database ... 60%(Reading database ... 65%(Reading database ... 70%(Reading database ... 75%(Reading database ... 80%(Reading database ... 85%(Reading database ... 90%(Reading database ... 95%(Reading database ... 100%(Reading database ... 207240 files and directories currently installed.)
Preparing to unpack .../archives/apt_2.4.14_arm64.deb ...
Unpacking apt (2.4.14) over (2.4.12) ...
Setting up apt (2.4.14) ...
Selecting previously unselected package libnvinfer10.
(Reading database ... (Reading database ... 5%(Reading database ... 10%(Reading database ... 15%(Reading database ... 20%(Reading database ... 25%(Reading database ... 30%(Reading database ... 35%(Reading database ... 40%(Reading database ... 45%(Reading database ... 50%(Reading database ... 55%(Reading database ... 60%(Reading database ... 65%(Reading database ... 70%(Reading database ... 75%(Reading database ... 80%(Reading database ... 85%(Reading database ... 90%(Reading database ... 95%(Reading database ... 100%(Reading database ... 207240 files and directories currently installed.)
Preparing to unpack .../00-libnvinfer10_10.3.0.30-1+cuda12.5_arm64.deb ...
Unpacking libnvinfer10 (10.3.0.30-1+cuda12.5) ...
Selecting previously unselected package libnvinfer-plugin10.
Preparing to unpack .../01-libnvinfer-plugin10_10.3.0.30-1+cuda12.5_arm64.deb ...
Unpacking libnvinfer-plugin10 (10.3.0.30-1+cuda12.5) ...
Selecting previously unselected package libnvinfer-vc-plugin10.
Preparing to unpack .../02-libnvinfer-vc-plugin10_10.3.0.30-1+cuda12.5_arm64.deb ...
Unpacking libnvinfer-vc-plugin10 (10.3.0.30-1+cuda12.5) ...
Selecting previously unselected package libnvinfer-lean10.
Preparing to unpack .../03-libnvinfer-lean10_10.3.0.30-1+cuda12.5_arm64.deb ...
Unpacking libnvinfer-lean10 (10.3.0.30-1+cuda12.5) ...
Selecting previously unselected package libnvinfer-dispatch10.
Preparing to unpack .../04-libnvinfer-dispatch10_10.3.0.30-1+cuda12.5_arm64.deb ...
Unpacking libnvinfer-dispatch10 (10.3.0.30-1+cuda12.5) ...
Selecting previously unselected package libnvonnxparsers10.
Preparing to unpack .../05-libnvonnxparsers10_10.3.0.30-1+cuda12.5_arm64.deb ...
Unpacking libnvonnxparsers10 (10.3.0.30-1+cuda12.5) ...
Preparing to unpack .../06-tensorrt_10.3.0.30-1+cuda12.5_arm64.deb ...
Unpacking tensorrt (10.3.0.30-1+cuda12.5) over (8.6.2.3-1+cuda12.2) ...
Preparing to unpack .../07-libnvinfer-bin_10.3.0.30-1+cuda12.5_arm64.deb ...
Unpacking libnvinfer-bin (10.3.0.30-1+cuda12.5) over (8.6.2.3-1+cuda12.2) ...
Preparing to unpack .../08-python3-libnvinfer-dev_10.3.0.30-1+cuda12.5_arm64.deb ...
Unpacking python3-libnvinfer-dev (10.3.0.30-1+cuda12.5) over (8.6.2.3-1+cuda12.2) ...
Preparing to unpack .../09-python3-libnvinfer_10.3.0.30-1+cuda12.5_arm64.deb ...
Unpacking python3-libnvinfer (10.3.0.30-1+cuda12.5) over (8.6.2.3-1+cuda12.2) ...
Preparing to unpack .../10-python3-libnvinfer-lean_10.3.0.30-1+cuda12.5_arm64.deb ...
Unpacking python3-libnvinfer-lean (10.3.0.30-1+cuda12.5) over (8.6.2.3-1+cuda12.2) ...
Preparing to unpack .../11-python3-libnvinfer-dispatch_10.3.0.30-1+cuda12.5_arm64.deb ...
Unpacking python3-libnvinfer-dispatch (10.3.0.30-1+cuda12.5) over (8.6.2.3-1+cuda12.2) ...
Preparing to unpack .../12-libnvinfer-samples_10.3.0.30-1+cuda12.5_all.deb ...
Unpacking libnvinfer-samples (10.3.0.30-1+cuda12.5) over (8.6.2.3-1+cuda12.2) ...
Preparing to unpack .../13-libnvinfer-vc-plugin-dev_10.3.0.30-1+cuda12.5_arm64.deb ...
Unpacking libnvinfer-vc-plugin-dev (10.3.0.30-1+cuda12.5) over (8.6.2.3-1+cuda12.2) ...
Preparing to unpack .../14-libnvinfer-headers-plugin-dev_10.3.0.30-1+cuda12.5_arm64.deb ...
Unpacking libnvinfer-headers-plugin-dev (10.3.0.30-1+cuda12.5) over (8.6.2.3-1+cuda12.2) ...
Preparing to unpack .../15-libnvinfer-plugin-dev_10.3.0.30-1+cuda12.5_arm64.deb ...
Unpacking libnvinfer-plugin-dev (10.3.0.30-1+cuda12.5) over (8.6.2.3-1+cuda12.2) ...
Preparing to unpack .../16-libnvinfer-dispatch-dev_10.3.0.30-1+cuda12.5_arm64.deb ...
Unpacking libnvinfer-dispatch-dev (10.3.0.30-1+cuda12.5) over (8.6.2.3-1+cuda12.2) ...
Preparing to unpack .../17-libnvonnxparsers-dev_10.3.0.30-1+cuda12.5_arm64.deb ...
Unpacking libnvonnxparsers-dev (10.3.0.30-1+cuda12.5) over (8.6.2.3-1+cuda12.2) ...
Preparing to unpack .../18-libnvinfer-lean-dev_10.3.0.30-1+cuda12.5_arm64.deb ...
Unpacking libnvinfer-lean-dev (10.3.0.30-1+cuda12.5) over (8.6.2.3-1+cuda12.2) ...
(Reading database ... (Reading database ... 5%(Reading database ... 10%(Reading database ... 15%(Reading database ... 20%(Reading database ... 25%(Reading database ... 30%(Reading database ... 35%(Reading database ... 40%(Reading database ... 45%(Reading database ... 50%(Reading database ... 55%(Reading database ... 60%(Reading database ... 65%(Reading database ... 70%(Reading database ... 75%(Reading database ... 80%(Reading database ... 85%(Reading database ... 90%(Reading database ... 95%(Reading database ... 100%(Reading database ... 207321 files and directories currently installed.)
Removing libnvparsers-dev (8.6.2.3-1+cuda12.2) ...
(Reading database ... (Reading database ... 5%(Reading database ... 10%(Reading database ... 15%(Reading database ... 20%(Reading database ... 25%(Reading database ... 30%(Reading database ... 35%(Reading database ... 40%(Reading database ... 45%(Reading database ... 50%(Reading database ... 55%(Reading database ... 60%(Reading database ... 65%(Reading database ... 70%(Reading database ... 75%(Reading database ... 80%(Reading database ... 85%(Reading database ... 90%(Reading database ... 95%(Reading database ... 100%(Reading database ... 207312 files and directories currently installed.)
Preparing to unpack .../00-libnvinfer-dev_10.3.0.30-1+cuda12.5_arm64.deb ...
Unpacking libnvinfer-dev (10.3.0.30-1+cuda12.5) over (8.6.2.3-1+cuda12.2) ...
Preparing to unpack .../01-libnvinfer-headers-dev_10.3.0.30-1+cuda12.5_arm64.deb ...
Unpacking libnvinfer-headers-dev (10.3.0.30-1+cuda12.5) over (8.6.2.3-1+cuda12.2) ...
Preparing to unpack .../02-cuda-toolkit-config-common_12.6.68-1_all.deb ...
Unpacking cuda-toolkit-config-common (12.6.68-1) over (12.2.140-1) ...
Preparing to unpack .../03-cuda-toolkit-12-config-common_12.6.68-1_all.deb ...
Unpacking cuda-toolkit-12-config-common (12.6.68-1) over (12.2.140-1) ...
Selecting previously unselected package cuda-toolkit-12-6-config-common.
Preparing to unpack .../04-cuda-toolkit-12-6-config-common_12.6.68-1_all.deb ...
Unpacking cuda-toolkit-12-6-config-common (12.6.68-1) ...
Selecting previously unselected package cuda-cudart-12-6.
Preparing to unpack .../05-cuda-cudart-12-6_12.6.68-1_arm64.deb ...
Unpacking cuda-cudart-12-6 (12.6.68-1) ...
Selecting previously unselected package cuda-cccl-12-6.
Preparing to unpack .../06-cuda-cccl-12-6_12.6.37-1_arm64.deb ...
Unpacking cuda-cccl-12-6 (12.6.37-1) ...
Selecting previously unselected package cuda-driver-dev-12-6.
Preparing to unpack .../07-cuda-driver-dev-12-6_12.6.68-1_arm64.deb ...
Unpacking cuda-driver-dev-12-6 (12.6.68-1) ...
Selecting previously unselected package cuda-cudart-dev-12-6.
Preparing to unpack .../08-cuda-cudart-dev-12-6_12.6.68-1_arm64.deb ...
Unpacking cuda-cudart-dev-12-6 (12.6.68-1) ...
Preparing to unpack .../09-ntfs-3g_1%3a2021.8.22-3ubuntu1.4_arm64.deb ...
Unpacking ntfs-3g (1:2021.8.22-3ubuntu1.4) over (1:2021.8.22-3ubuntu1.2) ...
Preparing to unpack .../10-libntfs-3g89_1%3a2021.8.22-3ubuntu1.4_arm64.deb ...
Unpacking libntfs-3g89 (1:2021.8.22-3ubuntu1.4) over (1:2021.8.22-3ubuntu1.2) ...
Selecting previously unselected package efibootmgr.
Preparing to unpack .../11-efibootmgr_17-1ubuntu2_arm64.deb ...
Unpacking efibootmgr (17-1ubuntu2) ...
Preparing to unpack .../12-nvidia-l4t-core_36.5.2-20260716114719_arm64.deb ...
INFO: rootfs A/B is not enabled.
Unpacking nvidia-l4t-core (36.5.2-20260716114719) over (36.3.0-20240506102626) ...
Setting up libexpat1:arm64 (2.4.7-1ubuntu0.7) ...
Setting up nvidia-l4t-core (36.5.2-20260716114719) ...
Installing new version of config file /etc/nv_tegra_release ...
(Reading database ... (Reading database ... 5%(Reading database ... 10%(Reading database ... 15%(Reading database ... 20%(Reading database ... 25%(Reading database ... 30%(Reading database ... 35%(Reading database ... 40%(Reading database ... 45%(Reading database ... 50%(Reading database ... 55%(Reading database ... 60%(Reading database ... 65%(Reading database ... 70%(Reading database ... 75%(Reading database ... 80%(Reading database ... 85%(Reading database ... 90%(Reading database ... 95%(Reading database ... 100%(Reading database ... 209103 files and directories currently installed.)
Preparing to unpack .../00-nvidia-l4t-initrd_36.5.2-20260716114719_arm64.deb ...
Unpacking nvidia-l4t-initrd (36.5.2-20260716114719) over (36.3.0-20240506102626) ...
Preparing to unpack .../01-nvidia-l4t-xusb-firmware_36.5.2-20260716114719_arm64.deb ...
Unpacking nvidia-l4t-xusb-firmware (36.5.2-20260716114719) over (36.3.0-20240506102626) ...
Preparing to unpack .../02-nvidia-l4t-jetson-io_36.5.2-20260716114719_arm64.deb ...
Unpacking nvidia-l4t-jetson-io (36.5.2-20260716114719) over (36.3.0-20240506102626) ...
Preparing to unpack .../03-nvidia-l4t-configs_36.5.2-20260716114719_arm64.deb ...
Unpacking nvidia-l4t-configs (36.5.2-20260716114719) over (36.3.0-20240506102626) ...
Preparing to unpack .../04-nvidia-l4t-display-kernel_5.15.199-tegra-36.5.2-20260716114719_arm64.deb ...
Unpacking nvidia-l4t-display-kernel (5.15.199-tegra-36.5.2-20260716114719) over (5.15.136-tegra-36.3.0-20240506102626) ...
dpkg: warning: unable to delete old directory '/lib/modules/5.15.136-tegra/updates': Directory not empty
Preparing to unpack .../05-nvidia-l4t-kernel-oot-modules_5.15.199-tegra-36.5.2-20260716114719_arm64.deb ...
Unpacking nvidia-l4t-kernel-oot-modules (5.15.199-tegra-36.5.2-20260716114719) over (5.15.136-tegra-36.3.0-20240506102626) ...
dpkg: warning: unable to delete old directory '/usr/lib/modules/5.15.136-tegra': Directory not empty
Preparing to unpack .../06-nvidia-l4t-kernel-oot-headers_5.15.199-tegra-36.5.2-20260716114719_arm64.deb ...
Unpacking nvidia-l4t-kernel-oot-headers (5.15.199-tegra-36.5.2-20260716114719) over (5.15.136-tegra-36.3.0-20240506102626) ...
Preparing to unpack .../07-nvidia-l4t-kernel-headers_5.15.199-tegra-36.5.2-20260716114719_arm64.deb ...
Unpacking nvidia-l4t-kernel-headers (5.15.199-tegra-36.5.2-20260716114719) over (5.15.136-tegra-36.3.0-20240506102626) ...
Preparing to unpack .../08-nvidia-l4t-kernel-dtbs_5.15.199-tegra-36.5.2-20260716114719_arm64.deb ...
Unpacking nvidia-l4t-kernel-dtbs (5.15.199-tegra-36.5.2-20260716114719) over (5.15.136-tegra-36.3.0-20240506102626) ...
Preparing to unpack .../09-nvidia-l4t-kernel_5.15.199-tegra-36.5.2-20260716114719_arm64.deb ...
Unpacking nvidia-l4t-kernel (5.15.199-tegra-36.5.2-20260716114719) over (5.15.136-tegra-36.3.0-20240506102626) ...
dpkg: warning: unable to delete old directory '/lib/modules/5.15.136-tegra': Directory not empty
Preparing to unpack .../10-nvidia-l4t-tools_36.5.2-20260716114719_arm64.deb ...
Unpacking nvidia-l4t-tools (36.5.2-20260716114719) over (36.3.0-20240506102626) ...
Preparing to unpack .../11-nvidia-l4t-bootloader_36.5.2-20260716114719_arm64.deb ...
Unpacking nvidia-l4t-bootloader (36.5.2-20260716114719) over (36.3.0-20240506102626) ...
Preparing to unpack .../12-nvidia-l4t-x11_36.5.2-20260716114719_arm64.deb ...
Unpacking nvidia-l4t-x11 (36.5.2-20260716114719) over (36.3.0-20240506102626) ...
Preparing to unpack .../13-nvidia-l4t-nvpmodel_36.5.2-20260716114719_arm64.deb ...
Unpacking nvidia-l4t-nvpmodel (36.5.2-20260716114719) over (36.3.0-20240506102626) ...
Preparing to unpack .../14-nvidia-l4t-nvpmodel-gui-tools_36.5.2-20260716114719_arm64.deb ...
Unpacking nvidia-l4t-nvpmodel-gui-tools (36.5.2-20260716114719) over (36.3.0-20240506102626) ...
Preparing to unpack .../15-nvidia-l4t-nvfancontrol_36.5.2-20260716114719_arm64.deb ...
Unpacking nvidia-l4t-nvfancontrol (36.5.2-20260716114719) over (36.3.0-20240506102626) ...
Preparing to unpack .../16-nvidia-l4t-jetsonpower-gui-tools_36.5.2-20260716114719_arm64.deb ...
Unpacking nvidia-l4t-jetsonpower-gui-tools (36.5.2-20260716114719) over (36.3.0-20240506102626) ...
Preparing to unpack .../17-nvidia-l4t-init_36.5.2-20260716114719_arm64.deb ...
Unpacking nvidia-l4t-init (36.5.2-20260716114719) over (36.3.0-20240506102626) ...
Selecting previously unselected package nvidia-l4t-libwayland-client0.
Preparing to unpack .../18-nvidia-l4t-libwayland-client0_36.5.2-20260716114719_arm64.deb ...
Unpacking nvidia-l4t-libwayland-client0 (36.5.2-20260716114719) ...
Selecting previously unselected package nvidia-l4t-libwayland-server0.
Preparing to unpack .../19-nvidia-l4t-libwayland-server0_36.5.2-20260716114719_arm64.deb ...
Unpacking nvidia-l4t-libwayland-server0 (36.5.2-20260716114719) ...
Preparing to unpack .../20-nvidia-l4t-wayland_36.5.2-20260716114719_arm64.deb ...
Unpacking nvidia-l4t-wayland (36.5.2-20260716114719) over (36.3.0-20240506102626) ...
Selecting previously unselected package nvidia-l4t-libwayland-cursor0.
Preparing to unpack .../21-nvidia-l4t-libwayland-cursor0_36.5.2-20260716114719_arm64.deb ...
Unpacking nvidia-l4t-libwayland-cursor0 (36.5.2-20260716114719) ...
Selecting previously unselected package nvidia-l4t-libwayland-egl1.
Preparing to unpack .../22-nvidia-l4t-libwayland-egl1_36.5.2-20260716114719_arm64.deb ...
Unpacking nvidia-l4t-libwayland-egl1 (36.5.2-20260716114719) ...
Preparing to unpack .../23-nvidia-l4t-openwfd_36.5.2-20260716114719_arm64.deb ...
Unpacking nvidia-l4t-openwfd (36.5.2-20260716114719) over (36.3.0-20240506102626) ...
Preparing to unpack .../24-nvidia-l4t-vulkan-sc_36.5.2-20260716114719_arm64.deb ...
Unpacking nvidia-l4t-vulkan-sc (36.5.2-20260716114719) over (36.3.0-20240506102626) ...
Preparing to unpack .../25-nvidia-l4t-vulkan-sc-dev_36.5.2-20260716114719_arm64.deb ...
Unpacking nvidia-l4t-vulkan-sc-dev (36.5.2-20260716114719) over (36.3.0-20240506102626) ...
Preparing to unpack .../26-nvidia-l4t-vulkan-sc-sdk_36.5.2-20260716114719_arm64.deb ...
Unpacking nvidia-l4t-vulkan-sc-sdk (36.5.2-20260716114719) over (36.3.0-20240506102626) ...
Preparing to unpack .../27-nvidia-l4t-vulkan-sc-samples_36.5.2-20260716114719_arm64.deb ...
Unpacking nvidia-l4t-vulkan-sc-samples (36.5.2-20260716114719) over (36.3.0-20240506102626) ...
Preparing to unpack .../28-nvidia-l4t-pva_36.5.2-20260716114719_arm64.deb ...
Unpacking nvidia-l4t-pva (36.5.2-20260716114719) over (36.3.0-20240506102626) ...
Preparing to unpack .../29-nvidia-l4t-nvsci_36.5.2-20260716114719_arm64.deb ...
Unpacking nvidia-l4t-nvsci (36.5.2-20260716114719) over (36.3.0-20240506102626) ...
Preparing to unpack .../30-nvidia-l4t-gstreamer_36.5.2-20260716114719_arm64.deb ...
Unpacking nvidia-l4t-gstreamer (36.5.2-20260716114719) over (36.3.0-20240506102626) ...
Preparing to unpack .../31-nvidia-l4t-multimedia_36.5.2-20260716114719_arm64.deb ...
Unpacking nvidia-l4t-multimedia (36.5.2-20260716114719) over (36.3.0-20240506102626) ...
Preparing to unpack .../32-nvidia-l4t-cuda_36.5.2-20260716114719_arm64.deb ...
Unpacking nvidia-l4t-cuda (36.5.2-20260716114719) over (36.3.0-20240506102626) ...
Preparing to unpack .../33-nvidia-l4t-camera_36.5.2-20260716114719_arm64.deb ...
Unpacking nvidia-l4t-camera (36.5.2-20260716114719) over (36.3.0-20240506102626) ...
Preparing to unpack .../34-nvidia-l4t-graphics-demos_36.5.2-20260716114719_arm64.deb ...
Unpacking nvidia-l4t-graphics-demos (36.5.2-20260716114719) over (36.3.0-20240506102626) ...
Preparing to unpack .../35-nvidia-l4t-multimedia-utils_36.5.2-20260716114719_arm64.deb ...
Unpacking nvidia-l4t-multimedia-utils (36.5.2-20260716114719) over (36.3.0-20240506102626) ...
Preparing to unpack .../36-nvidia-l4t-weston_36.5.2-20260716114719_arm64.deb ...
Unpacking nvidia-l4t-weston (36.5.2-20260716114719) over (36.3.0-20240506102626) ...
Preparing to unpack .../37-nvidia-l4t-gbm_36.5.2-20260716114719_arm64.deb ...
Unpacking nvidia-l4t-gbm (36.5.2-20260716114719) over (36.3.0-20240506102626) ...
Preparing to unpack .../38-nvidia-l4t-3d-core_36.5.2-20260716114719_arm64.deb ...
Unpacking nvidia-l4t-3d-core (36.5.2-20260716114719) over (36.3.0-20240506102626) ...
Preparing to unpack .../39-nvidia-l4t-optee_36.5.2-20260716114719_arm64.deb ...
Unpacking nvidia-l4t-optee (36.5.2-20260716114719) over (36.3.0-20240506102626) ...
Preparing to unpack .../40-nvidia-l4t-oem-config_36.5.2-20260716114719_arm64.deb ...
Unpacking nvidia-l4t-oem-config (36.5.2-20260716114719) over (36.3.0-20240506102626) ...
Preparing to unpack .../41-nvidia-l4t-nvml_36.5.2-20260716114719_arm64.deb ...
Unpacking nvidia-l4t-nvml (36.5.2-20260716114719) over (36.3.0-20240506102626) ...
Preparing to unpack .../42-nvidia-l4t-dla-compiler_36.5.2-20260716114719_arm64.deb ...
Unpacking nvidia-l4t-dla-compiler (36.5.2-20260716114719) over (36.3.0-20240506102626) ...
Preparing to unpack .../43-nvidia-l4t-apt-source_36.5.2-20260716114719_arm64.deb ...
Unpacking nvidia-l4t-apt-source (36.5.2-20260716114719) over (36.3.0-20240506102626) ...
Preparing to unpack .../44-nvidia-l4t-firmware_36.5.2-20260716114719_arm64.deb ...
Unpacking nvidia-l4t-firmware (36.5.2-20260716114719) over (36.3.0-20240506102626) ...
Preparing to unpack .../45-xxd_2%3a8.2.3995-1ubuntu2.36_arm64.deb ...
Unpacking xxd (2:8.2.3995-1ubuntu2.36) over (2:8.2.3995-1ubuntu2.16) ...
Preparing to unpack .../46-rsync_3.2.7-0ubuntu0.22.04.7_arm64.deb ...
Unpacking rsync (3.2.7-0ubuntu0.22.04.7) over (3.2.7-0ubuntu0.22.04.2) ...
Preparing to unpack .../47-uuid-runtime_2.37.2-4ubuntu3.6_arm64.deb ...
Unpacking uuid-runtime (2.37.2-4ubuntu3.6) over (2.37.2-4ubuntu3.4) ...
Preparing to unpack .../48-docker-ce-cli_5%3a29.8.1-1~ubuntu.22.04~jammy_arm64.deb ...
Unpacking docker-ce-cli (5:29.8.1-1~ubuntu.22.04~jammy) over (5:29.0.0-1~ubuntu.22.04~jammy) ...
Preparing to unpack .../49-containerd.io_2.3.5-1~ubuntu.22.04~jammy_arm64.deb ...
Unpacking containerd.io (2.3.5-1~ubuntu.22.04~jammy) over (2.1.5-1~ubuntu.22.04~jammy) ...
Preparing to unpack .../50-nftables_1.0.2-1ubuntu3.1_arm64.deb ...
Unpacking nftables (1.0.2-1ubuntu3.1) over (1.0.2-1ubuntu3) ...
Preparing to unpack .../51-libnftables1_1.0.2-1ubuntu3.1_arm64.deb ...
Unpacking libnftables1:arm64 (1.0.2-1ubuntu3.1) over (1.0.2-1ubuntu3) ...
Preparing to unpack .../52-docker-ce_5%3a29.8.1-1~ubuntu.22.04~jammy_arm64.deb ...
Unpacking docker-ce (5:29.8.1-1~ubuntu.22.04~jammy) over (5:29.0.0-1~ubuntu.22.04~jammy) ...
Preparing to unpack .../53-locales_2.35-0ubuntu3.15_all.deb ...
Unpacking locales (2.35-0ubuntu3.15) over (2.35-0ubuntu3.6) ...
Preparing to unpack .../54-language-pack-en_1%3a22.04+20240902_all.deb ...
Unpacking language-pack-en (1:22.04+20240902) over (1:22.04+20240212) ...
Preparing to unpack .../55-language-pack-en-base_1%3a22.04+20240902_all.deb ...
Unpacking language-pack-en-base (1:22.04+20240902) over (1:22.04+20240212) ...
Preparing to unpack .../56-git-man_1%3a2.34.1-1ubuntu1.17_all.deb ...
Unpacking git-man (1:2.34.1-1ubuntu1.17) over (1:2.34.1-1ubuntu1.10) ...
Preparing to unpack .../57-git_1%3a2.34.1-1ubuntu1.17_arm64.deb ...
Unpacking git (1:2.34.1-1ubuntu1.17) over (1:2.34.1-1ubuntu1.10) ...
Preparing to unpack .../58-openssh-sftp-server_1%3a8.9p1-3ubuntu0.17_arm64.deb ...
Unpacking openssh-sftp-server (1:8.9p1-3ubuntu0.17) over (1:8.9p1-3ubuntu0.13) ...
Preparing to unpack .../59-openssh-server_1%3a8.9p1-3ubuntu0.17_arm64.deb ...
Unpacking openssh-server (1:8.9p1-3ubuntu0.17) over (1:8.9p1-3ubuntu0.13) ...
Preparing to unpack .../60-openssh-client_1%3a8.9p1-3ubuntu0.17_arm64.deb ...
Unpacking openssh-client (1:8.9p1-3ubuntu0.17) over (1:8.9p1-3ubuntu0.13) ...
Preparing to unpack .../61-libpython2.7_2.7.18-13ubuntu1.5_arm64.deb ...
Unpacking libpython2.7:arm64 (2.7.18-13ubuntu1.5) over (2.7.18-13ubuntu1.2) ...
Preparing to unpack .../62-python2.7_2.7.18-13ubuntu1.5_arm64.deb ...
Unpacking python2.7 (2.7.18-13ubuntu1.5) over (2.7.18-13ubuntu1.2) ...
Preparing to unpack .../63-libpython2.7-stdlib_2.7.18-13ubuntu1.5_arm64.deb ...
Unpacking libpython2.7-stdlib:arm64 (2.7.18-13ubuntu1.5) over (2.7.18-13ubuntu1.2) ...
Preparing to unpack .../64-python2.7-minimal_2.7.18-13ubuntu1.5_arm64.deb ...
Unpacking python2.7-minimal (2.7.18-13ubuntu1.5) over (2.7.18-13ubuntu1.2) ...
Preparing to unpack .../65-libpython2.7-minimal_2.7.18-13ubuntu1.5_arm64.deb ...
Unpacking libpython2.7-minimal:arm64 (2.7.18-13ubuntu1.5) over (2.7.18-13ubuntu1.2) ...
Preparing to unpack .../66-spice-vdagent_0.22.1-1ubuntu0.1_arm64.deb ...
Unpacking spice-vdagent (0.22.1-1ubuntu0.1) over (0.22.1-1) ...
Preparing to unpack .../67-python-apt-common_2.4.0ubuntu4.1_all.deb ...
Unpacking python-apt-common (2.4.0ubuntu4.1) over (2.4.0ubuntu3) ...
Preparing to unpack .../68-distro-info-data_0.72-0ubuntu0.22.04.1_all.deb ...
Unpacking distro-info-data (0.72-0ubuntu0.22.04.1) over (0.52ubuntu0.6) ...
Preparing to unpack .../69-python3-apt_2.4.0ubuntu4.1_arm64.deb ...
Unpacking python3-apt (2.4.0ubuntu4.1) over (2.4.0ubuntu3) ...
Preparing to unpack .../70-ubuntu-drivers-common_1%3a0.9.6.2~0.22.04.11_arm64.deb ...
Unpacking ubuntu-drivers-common (1:0.9.6.2~0.22.04.11) over (1:0.9.6.2~0.22.04.6) ...
Preparing to unpack .../71-libattr1_1%3a2.5.1-1ubuntu0.1_arm64.deb ...
Unpacking libattr1:arm64 (1:2.5.1-1ubuntu0.1) over (1:2.5.1-1build1) ...
Setting up libattr1:arm64 (1:2.5.1-1ubuntu0.1) ...
(Reading database ... (Reading database ... 5%(Reading database ... 10%(Reading database ... 15%(Reading database ... 20%(Reading database ... 25%(Reading database ... 30%(Reading database ... 35%(Reading database ... 40%(Reading database ... 45%(Reading database ... 50%(Reading database ... 55%(Reading database ... 60%(Reading database ... 65%(Reading database ... 70%(Reading database ... 75%(Reading database ... 80%(Reading database ... 85%(Reading database ... 90%(Reading database ... 95%(Reading database ... 100%(Reading database ... 209192 files and directories currently installed.)
Preparing to unpack .../000-libss2_1.46.5-2ubuntu1.2_arm64.deb ...
Unpacking libss2:arm64 (1.46.5-2ubuntu1.2) over (1.46.5-2ubuntu1.1) ...
Preparing to unpack .../001-logsave_1.46.5-2ubuntu1.2_arm64.deb ...
Unpacking logsave (1.46.5-2ubuntu1.2) over (1.46.5-2ubuntu1.1) ...
Preparing to unpack .../002-openssl_3.0.2-0ubuntu1.29_arm64.deb ...
Unpacking openssl (3.0.2-0ubuntu1.29) over (3.0.2-0ubuntu1.15) ...
Preparing to unpack .../003-ca-certificates_20260601~22.04.1_all.deb ...
Unpacking ca-certificates (20260601~22.04.1) over (20230311ubuntu0.22.04.1) ...
Preparing to unpack .../004-eject_2.37.2-4ubuntu3.6_arm64.deb ...
Unpacking eject (2.37.2-4ubuntu3.6) over (2.37.2-4ubuntu3.3) ...
Preparing to unpack .../005-iproute2_5.15.0-1ubuntu2.2_arm64.deb ...
Unpacking iproute2 (5.15.0-1ubuntu2.2) over (5.15.0-1ubuntu2) ...
Preparing to unpack .../006-iputils-ping_3%3a20211215-1ubuntu0.1_arm64.deb ...
Unpacking iputils-ping (3:20211215-1ubuntu0.1) over (3:20211215-1) ...
Preparing to unpack .../007-less_590-1ubuntu0.22.04.3_arm64.deb ...
Unpacking less (590-1ubuntu0.22.04.3) over (590-1ubuntu0.22.04.2) ...
Preparing to unpack .../008-rsyslog_8.2112.0-2ubuntu2.4_arm64.deb ...
Unpacking rsyslog (8.2112.0-2ubuntu2.4) over (8.2112.0-2ubuntu2.2) ...
Preparing to unpack .../009-sudo_1.9.9-1ubuntu2.6_arm64.deb ...
Unpacking sudo (1.9.9-1ubuntu2.6) over (1.9.9-1ubuntu2.4) ...
Preparing to unpack .../010-tzdata_2026c-0ubuntu0.22.04.1_all.deb ...
Unpacking tzdata (2026c-0ubuntu0.22.04.1) over (2024a-0ubuntu0.22.04) ...
Preparing to unpack .../011-ubuntu-advantage-tools_37.2ubuntu~22.04.1_all.deb ...
Unpacking ubuntu-advantage-tools (37.2ubuntu~22.04.1) over (30~22.04) ...
dpkg: warning: unable to delete old directory '/var/lib/ubuntu-advantage': Directory not empty
dpkg: warning: unable to delete old directory '/etc/ubuntu-advantage': Directory not empty
Selecting previously unselected package ubuntu-pro-client.
Preparing to unpack .../012-ubuntu-pro-client_37.2ubuntu~22.04.1_arm64.deb ...
Unpacking ubuntu-pro-client (37.2ubuntu~22.04.1) ...
Selecting previously unselected package ubuntu-pro-client-l10n.
Preparing to unpack .../013-ubuntu-pro-client-l10n_37.2ubuntu~22.04.1_arm64.deb ...
Unpacking ubuntu-pro-client-l10n (37.2ubuntu~22.04.1) ...
Preparing to unpack .../014-vim_2%3a8.2.3995-1ubuntu2.36_arm64.deb ...
Unpacking vim (2:8.2.3995-1ubuntu2.36) over (2:8.2.3995-1ubuntu2.16) ...
Preparing to unpack .../015-vim-runtime_2%3a8.2.3995-1ubuntu2.36_all.deb ...
Unpacking vim-runtime (2:8.2.3995-1ubuntu2.36) over (2:8.2.3995-1ubuntu2.16) ...
Preparing to unpack .../016-libsodium23_1.0.18-1ubuntu0.22.04.1_arm64.deb ...
Unpacking libsodium23:arm64 (1.0.18-1ubuntu0.22.04.1) over (1.0.18-1build2) ...
Preparing to unpack .../017-vim-common_2%3a8.2.3995-1ubuntu2.36_all.deb ...
Unpacking vim-common (2:8.2.3995-1ubuntu2.36) over (2:8.2.3995-1ubuntu2.16) ...
Preparing to unpack .../018-apparmor_3.0.4-2ubuntu2.5_arm64.deb ...
Unpacking apparmor (3.0.4-2ubuntu2.5) over (3.0.4-2ubuntu2.3) ...
Preparing to unpack .../019-bsdextrautils_2.37.2-4ubuntu3.6_arm64.deb ...
Unpacking bsdextrautils (2.37.2-4ubuntu3.6) over (2.37.2-4ubuntu3.3) ...
Preparing to unpack .../020-cpio_2.13+dfsg-7ubuntu0.2_arm64.deb ...
Unpacking cpio (2.13+dfsg-7ubuntu0.2) over (2.13+dfsg-7) ...
Preparing to unpack .../021-libpcap0.8_1.10.1-4ubuntu1.22.04.1_arm64.deb ...
Unpacking libpcap0.8:arm64 (1.10.1-4ubuntu1.22.04.1) over (1.10.1-4build1) ...
Preparing to unpack .../022-lshw_02.19.git.2021.06.19.996aaad9c7-2ubuntu0.22.04.1_arm64.deb ...
Unpacking lshw (02.19.git.2021.06.19.996aaad9c7-2ubuntu0.22.04.1) over (02.19.git.2021.06.19.996aaad9c7-2build1) ...
Preparing to unpack .../023-nvidia-l4t-cudadebuggingsupport_12.6-34622040.0_arm64.deb ...
Unpacking nvidia-l4t-cudadebuggingsupport (12.6-34622040.0) over (12.2-33282765.0) ...
Preparing to unpack .../024-nvidia-l4t-jetson-multimedia-api_36.5.2-20260716114719_arm64.deb ...
Unpacking nvidia-l4t-jetson-multimedia-api (36.5.2-20260716114719) over (36.3.0-20240506102626) ...
Preparing to unpack .../025-pci.ids_0.0~2022.01.22-1ubuntu0.1_all.deb ...
Unpacking pci.ids (0.0~2022.01.22-1ubuntu0.1) over (0.0~2022.01.22-1) ...
Preparing to unpack .../026-ubuntu-release-upgrader-gtk_1%3a22.04.21_all.deb ...
Unpacking ubuntu-release-upgrader-gtk (1:22.04.21) over (1:22.04.19) ...
Preparing to unpack .../027-ubuntu-release-upgrader-core_1%3a22.04.21_all.deb ...
Unpacking ubuntu-release-upgrader-core (1:22.04.21) over (1:22.04.19) ...
Preparing to unpack .../028-update-manager_1%3a22.04.22_all.deb ...
Unpacking update-manager (1:22.04.22) over (1:22.04.19) ...
Preparing to unpack .../029-update-manager-core_1%3a22.04.22_all.deb ...
Unpacking update-manager-core (1:22.04.22) over (1:22.04.19) ...
Preparing to unpack .../030-python3-distupgrade_1%3a22.04.21_all.deb ...
Unpacking python3-distupgrade (1:22.04.21) over (1:22.04.19) ...
Preparing to unpack .../031-python3-update-manager_1%3a22.04.22_all.deb ...
Unpacking python3-update-manager (1:22.04.22) over (1:22.04.19) ...
Preparing to unpack .../032-libvte-2.91-0_0.68.0-1ubuntu0.1_arm64.deb ...
Unpacking libvte-2.91-0:arm64 (0.68.0-1ubuntu0.1) over (0.68.0-1) ...
Preparing to unpack .../033-libvte-2.91-common_0.68.0-1ubuntu0.1_arm64.deb ...
Unpacking libvte-2.91-common (0.68.0-1ubuntu0.1) over (0.68.0-1) ...
Preparing to unpack .../034-gir1.2-vte-2.91_0.68.0-1ubuntu0.1_arm64.deb ...
Unpacking gir1.2-vte-2.91:arm64 (0.68.0-1ubuntu0.1) over (0.68.0-1) ...
Preparing to unpack .../035-wget_1.21.2-2ubuntu1.5_arm64.deb ...
Unpacking wget (1.21.2-2ubuntu1.5) over (1.21.2-2ubuntu1) ...
Preparing to unpack .../036-xz-utils_5.2.5-2ubuntu1.1_arm64.deb ...
Unpacking xz-utils (5.2.5-2ubuntu1.1) over (5.2.5-2ubuntu1) ...
Preparing to unpack .../037-alsa-ucm-conf_1.2.6.3-1ubuntu1.12_all.deb ...
Unpacking alsa-ucm-conf (1.2.6.3-1ubuntu1.12) over (1.2.6.3-1ubuntu1.11) ...
Preparing to unpack .../038-python3-httplib2_0.20.2-2ubuntu0.1_all.deb ...
Unpacking python3-httplib2 (0.20.2-2ubuntu0.1) over (0.20.2-2) ...
Preparing to unpack .../039-python3-problem-report_2.20.11-0ubuntu82.10_all.deb ...
Unpacking python3-problem-report (2.20.11-0ubuntu82.10) over (2.20.11-0ubuntu82.5) ...
Preparing to unpack .../040-python3-apport_2.20.11-0ubuntu82.10_all.deb ...
Unpacking python3-apport (2.20.11-0ubuntu82.10) over (2.20.11-0ubuntu82.5) ...
Preparing to unpack .../041-apport_2.20.11-0ubuntu82.10_all.deb ...
Unpacking apport (2.20.11-0ubuntu82.10) over (2.20.11-0ubuntu82.5) ...
Preparing to unpack .../042-apport-gtk_2.20.11-0ubuntu82.10_all.deb ...
Unpacking apport-gtk (2.20.11-0ubuntu82.10) over (2.20.11-0ubuntu82.5) ...
Preparing to unpack .../043-avahi-autoipd_0.8-5ubuntu5.5_arm64.deb ...
Unpacking avahi-autoipd (0.8-5ubuntu5.5) over (0.8-5ubuntu5.2) ...
Preparing to unpack .../044-libctf0_2.38-4ubuntu2.12_arm64.deb ...
Unpacking libctf0:arm64 (2.38-4ubuntu2.12) over (2.38-4ubuntu2.6) ...
Preparing to unpack .../045-libctf-nobfd0_2.38-4ubuntu2.12_arm64.deb ...
Unpacking libctf-nobfd0:arm64 (2.38-4ubuntu2.12) over (2.38-4ubuntu2.6) ...
Preparing to unpack .../046-binutils-aarch64-linux-gnu_2.38-4ubuntu2.12_arm64.deb ...
Unpacking binutils-aarch64-linux-gnu (2.38-4ubuntu2.12) over (2.38-4ubuntu2.6) ...
Preparing to unpack .../047-libbinutils_2.38-4ubuntu2.12_arm64.deb ...
Unpacking libbinutils:arm64 (2.38-4ubuntu2.12) over (2.38-4ubuntu2.6) ...
Preparing to unpack .../048-binutils_2.38-4ubuntu2.12_arm64.deb ...
Unpacking binutils (2.38-4ubuntu2.12) over (2.38-4ubuntu2.6) ...
Preparing to unpack .../049-binutils-common_2.38-4ubuntu2.12_arm64.deb ...
Unpacking binutils-common:arm64 (2.38-4ubuntu2.12) over (2.38-4ubuntu2.6) ...
Preparing to unpack .../050-bison_2%3a3.8.2+dfsg-1ubuntu0.22.04.1_arm64.deb ...
Unpacking bison (2:3.8.2+dfsg-1ubuntu0.22.04.1) over (2:3.8.2+dfsg-1build1) ...
Preparing to unpack .../051-bluez-obexd_5.64-0ubuntu1.4_arm64.deb ...
Unpacking bluez-obexd (5.64-0ubuntu1.4) over (5.64-0ubuntu1.1) ...
Preparing to unpack .../052-klibc-utils_2.0.10-4ubuntu0.2_arm64.deb ...
Unpacking klibc-utils (2.0.10-4ubuntu0.2) over (2.0.10-4) ...
Preparing to unpack .../053-libklibc_2.0.10-4ubuntu0.2_arm64.deb ...
Unpacking libklibc:arm64 (2.0.10-4ubuntu0.2) over (2.0.10-4) ...
Preparing to unpack .../054-linux-base_4.5ubuntu9+22.04.1_all.deb ...
Unpacking linux-base (4.5ubuntu9+22.04.1) over (4.5ubuntu9) ...
Preparing to unpack .../055-initramfs-tools-core_0.140ubuntu13.5_all.deb ...
Unpacking initramfs-tools-core (0.140ubuntu13.5) over (0.140ubuntu13.4) ...
Preparing to unpack .../056-initramfs-tools_0.140ubuntu13.5_all.deb ...
Unpacking initramfs-tools (0.140ubuntu13.5) over (0.140ubuntu13.4) ...
Preparing to unpack .../057-initramfs-tools-bin_0.140ubuntu13.5_arm64.deb ...
Unpacking initramfs-tools-bin (0.140ubuntu13.5) over (0.140ubuntu13.4) ...
Preparing to unpack .../058-busybox-initramfs_1%3a1.30.1-7ubuntu3.1_arm64.deb ...
Unpacking busybox-initramfs (1:1.30.1-7ubuntu3.1) over (1:1.30.1-7ubuntu3) ...
Preparing to unpack .../059-g++-11_11.4.0-1ubuntu1~22.04.3_arm64.deb ...
Unpacking g++-11 (11.4.0-1ubuntu1~22.04.3) over (11.4.0-1ubuntu1~22.04.2) ...
Preparing to unpack .../060-libstdc++-11-dev_11.4.0-1ubuntu1~22.04.3_arm64.deb ...
Unpacking libstdc++-11-dev:arm64 (11.4.0-1ubuntu1~22.04.3) over (11.4.0-1ubuntu1~22.04.2) ...
Preparing to unpack .../061-gfortran-11_11.4.0-1ubuntu1~22.04.3_arm64.deb ...
Unpacking gfortran-11 (11.4.0-1ubuntu1~22.04.3) over (11.4.0-1ubuntu1~22.04.2) ...
Preparing to unpack .../062-libgfortran-11-dev_11.4.0-1ubuntu1~22.04.3_arm64.deb ...
Unpacking libgfortran-11-dev:arm64 (11.4.0-1ubuntu1~22.04.3) over (11.4.0-1ubuntu1~22.04.2) ...
Preparing to unpack .../063-libasan6_11.4.0-1ubuntu1~22.04.3_arm64.deb ...
Unpacking libasan6:arm64 (11.4.0-1ubuntu1~22.04.3) over (11.4.0-1ubuntu1~22.04.2) ...
Preparing to unpack .../064-gcc-11_11.4.0-1ubuntu1~22.04.3_arm64.deb ...
Unpacking gcc-11 (11.4.0-1ubuntu1~22.04.3) over (11.4.0-1ubuntu1~22.04.2) ...
Preparing to unpack .../065-libgcc-11-dev_11.4.0-1ubuntu1~22.04.3_arm64.deb ...
Unpacking libgcc-11-dev:arm64 (11.4.0-1ubuntu1~22.04.3) over (11.4.0-1ubuntu1~22.04.2) ...
Preparing to unpack .../066-libtsan0_11.4.0-1ubuntu1~22.04.3_arm64.deb ...
Unpacking libtsan0:arm64 (11.4.0-1ubuntu1~22.04.3) over (11.4.0-1ubuntu1~22.04.2) ...
Preparing to unpack .../067-cpp-11_11.4.0-1ubuntu1~22.04.3_arm64.deb ...
Unpacking cpp-11 (11.4.0-1ubuntu1~22.04.3) over (11.4.0-1ubuntu1~22.04.2) ...
Preparing to unpack .../068-gcc-11-base_11.4.0-1ubuntu1~22.04.3_arm64.deb ...
Unpacking gcc-11-base:arm64 (11.4.0-1ubuntu1~22.04.3) over (11.4.0-1ubuntu1~22.04.2) ...
Preparing to unpack .../069-cryptsetup-bin_2%3a2.4.3-1ubuntu1.3_arm64.deb ...
Unpacking cryptsetup-bin (2:2.4.3-1ubuntu1.3) over (2:2.4.3-1ubuntu1.2) ...
Preparing to unpack .../070-curl_7.81.0-1ubuntu1.27_arm64.deb ...
Unpacking curl (7.81.0-1ubuntu1.27) over (7.81.0-1ubuntu1.21) ...
Preparing to unpack .../071-libcurl4_7.81.0-1ubuntu1.27_arm64.deb ...
Unpacking libcurl4:arm64 (7.81.0-1ubuntu1.27) over (7.81.0-1ubuntu1.21) ...
Preparing to unpack .../072-dns-root-data_2024071801~ubuntu0.22.04.1_all.deb ...
Unpacking dns-root-data (2024071801~ubuntu0.22.04.1) over (2023112702~ubuntu0.22.04.1) ...
Preparing to unpack .../073-dnsmasq-base_2.91-0ubuntu0.22.04.1_arm64.deb ...
Unpacking dnsmasq-base (2.91-0ubuntu0.22.04.1) over (2.90-0ubuntu0.22.04.1) ...
Preparing to unpack .../074-docker-buildx-plugin_0.37.1-1~ubuntu.22.04~jammy_arm64.deb ...
Unpacking docker-buildx-plugin (0.37.1-1~ubuntu.22.04~jammy) over (0.29.1-1~ubuntu.22.04~jammy) ...
Preparing to unpack .../075-docker-ce-rootless-extras_5%3a29.8.1-1~ubuntu.22.04~jammy_arm64.deb ...
Unpacking docker-ce-rootless-extras (5:29.8.1-1~ubuntu.22.04~jammy) over (5:29.0.0-1~ubuntu.22.04~jammy) ...
Preparing to unpack .../076-docker-compose-plugin_5.5.1-1~ubuntu.22.04~jammy_arm64.deb ...
Unpacking docker-compose-plugin (5.5.1-1~ubuntu.22.04~jammy) over (2.40.3-1~ubuntu.22.04~jammy) ...
Preparing to unpack .../077-libespeak-ng1_1.50+dfsg-10ubuntu0.1_arm64.deb ...
Unpacking libespeak-ng1:arm64 (1.50+dfsg-10ubuntu0.1) over (1.50+dfsg-10) ...
Preparing to unpack .../078-espeak-ng-data_1.50+dfsg-10ubuntu0.1_arm64.deb ...
Unpacking espeak-ng-data:arm64 (1.50+dfsg-10ubuntu0.1) over (1.50+dfsg-10) ...
Preparing to unpack .../079-ethtool_1%3a5.16-1ubuntu0.2_arm64.deb ...
Unpacking ethtool (1:5.16-1ubuntu0.2) over (1:5.16-1ubuntu0.1) ...
Preparing to unpack .../080-evince-common_42.3-0ubuntu3.2_all.deb ...
Unpacking evince-common (42.3-0ubuntu3.2) over (42.3-0ubuntu3.1) ...
Preparing to unpack .../081-libarchive13_3.6.0-1ubuntu1.8_arm64.deb ...
Unpacking libarchive13:arm64 (3.6.0-1ubuntu1.8) over (3.6.0-1ubuntu1) ...
Preparing to unpack .../082-libdjvulibre-text_3.5.28-2ubuntu0.22.04.2_all.deb ...
Unpacking libdjvulibre-text (3.5.28-2ubuntu0.22.04.2) over (3.5.28-2build2) ...
Preparing to unpack .../083-libdjvulibre21_3.5.28-2ubuntu0.22.04.2_arm64.deb ...
Unpacking libdjvulibre21:arm64 (3.5.28-2ubuntu0.22.04.2) over (3.5.28-2build2) ...
Preparing to unpack .../084-libkpathsea6_2021.20210626.59705-1ubuntu0.3_arm64.deb ...
Unpacking libkpathsea6:arm64 (2021.20210626.59705-1ubuntu0.3) over (2021.20210626.59705-1ubuntu0.2) ...
Preparing to unpack .../085-poppler-utils_22.02.0-2ubuntu0.13_arm64.deb ...
Unpacking poppler-utils (22.02.0-2ubuntu0.13) over (22.02.0-2ubuntu0.3) ...
Preparing to unpack .../086-libopenjp2-7_2.4.0-6ubuntu0.5_arm64.deb ...
Unpacking libopenjp2-7:arm64 (2.4.0-6ubuntu0.5) over (2.4.0-6) ...
Preparing to unpack .../087-libpoppler-glib8_22.02.0-2ubuntu0.13_arm64.deb ...
Unpacking libpoppler-glib8:arm64 (22.02.0-2ubuntu0.13) over (22.02.0-2ubuntu0.3) ...
Preparing to unpack .../088-libpoppler118_22.02.0-2ubuntu0.13_arm64.deb ...
Unpacking libpoppler118:arm64 (22.02.0-2ubuntu0.13) over (22.02.0-2ubuntu0.3) ...
Preparing to unpack .../089-libsynctex2_2021.20210626.59705-1ubuntu0.3_arm64.deb ...
Unpacking libsynctex2:arm64 (2021.20210626.59705-1ubuntu0.3) over (2021.20210626.59705-1ubuntu0.2) ...
Preparing to unpack .../090-evince_42.3-0ubuntu3.2_arm64.deb ...
Unpacking evince (42.3-0ubuntu3.2) over (42.3-0ubuntu3.1) ...
Preparing to unpack .../091-libevdocument3-4_42.3-0ubuntu3.2_arm64.deb ...
Unpacking libevdocument3-4:arm64 (42.3-0ubuntu3.2) over (42.3-0ubuntu3.1) ...
Preparing to unpack .../092-libevview3-3_42.3-0ubuntu3.2_arm64.deb ...
Unpacking libevview3-3:arm64 (42.3-0ubuntu3.2) over (42.3-0ubuntu3.1) ...
Preparing to unpack .../093-libexif-dev_0.6.24-1ubuntu0.22.04.1_arm64.deb ...
Unpacking libexif-dev:arm64 (0.6.24-1ubuntu0.22.04.1) over (0.6.24-1build1) ...
Preparing to unpack .../094-libexif12_0.6.24-1ubuntu0.22.04.1_arm64.deb ...
Unpacking libexif12:arm64 (0.6.24-1ubuntu0.22.04.1) over (0.6.24-1build1) ...
Preparing to unpack .../095-libgif7_5.1.9-2ubuntu0.3_arm64.deb ...
Unpacking libgif7:arm64 (5.1.9-2ubuntu0.3) over (5.1.9-2build2) ...
Preparing to unpack .../096-libgsf-1-common_1.14.47-1ubuntu0.1_all.deb ...
Unpacking libgsf-1-common (1.14.47-1ubuntu0.1) over (1.14.47-1build2) ...
Preparing to unpack .../097-libgsf-1-114_1.14.47-1ubuntu0.1_arm64.deb ...
Unpacking libgsf-1-114:arm64 (1.14.47-1ubuntu0.1) over (1.14.47-1build2) ...
Preparing to unpack .../098-tracker-miner-fs_3.3.3-0ubuntu0.20.04.4_arm64.deb ...
Unpacking tracker-miner-fs (3.3.3-0ubuntu0.20.04.4) over (3.3.3-0ubuntu0.20.04.2) ...
Preparing to unpack .../099-tracker-extract_3.3.3-0ubuntu0.20.04.4_arm64.deb ...
Unpacking tracker-extract (3.3.3-0ubuntu0.20.04.4) over (3.3.3-0ubuntu0.20.04.2) ...
Preparing to unpack .../100-libblockdev-fs2_2.26-1ubuntu0.1_arm64.deb ...
Unpacking libblockdev-fs2:arm64 (2.26-1ubuntu0.1) over (2.26-1) ...
Preparing to unpack .../101-libblockdev-loop2_2.26-1ubuntu0.1_arm64.deb ...
Unpacking libblockdev-loop2:arm64 (2.26-1ubuntu0.1) over (2.26-1) ...
Preparing to unpack .../102-libblockdev-swap2_2.26-1ubuntu0.1_arm64.deb ...
Unpacking libblockdev-swap2:arm64 (2.26-1ubuntu0.1) over (2.26-1) ...
Preparing to unpack .../103-libblockdev2_2.26-1ubuntu0.1_arm64.deb ...
Unpacking libblockdev2:arm64 (2.26-1ubuntu0.1) over (2.26-1) ...
Preparing to unpack .../104-udisks2_2.9.4-1ubuntu2.3_arm64.deb ...
Unpacking udisks2 (2.9.4-1ubuntu2.3) over (2.9.4-1ubuntu2) ...
Preparing to unpack .../105-gvfs-backends_1.48.2-0ubuntu1.1_arm64.deb ...
Unpacking gvfs-backends (1.48.2-0ubuntu1.1) over (1.48.2-0ubuntu1) ...
Preparing to unpack .../106-gvfs-fuse_1.48.2-0ubuntu1.1_arm64.deb ...
Unpacking gvfs-fuse (1.48.2-0ubuntu1.1) over (1.48.2-0ubuntu1) ...
Preparing to unpack .../107-gvfs_1.48.2-0ubuntu1.1_arm64.deb ...
Unpacking gvfs:arm64 (1.48.2-0ubuntu1.1) over (1.48.2-0ubuntu1) ...
Preparing to unpack .../108-gvfs-daemons_1.48.2-0ubuntu1.1_arm64.deb ...
Unpacking gvfs-daemons (1.48.2-0ubuntu1.1) over (1.48.2-0ubuntu1) ...
Preparing to unpack .../109-gvfs-libs_1.48.2-0ubuntu1.1_arm64.deb ...
Unpacking gvfs-libs:arm64 (1.48.2-0ubuntu1.1) over (1.48.2-0ubuntu1) ...
Preparing to unpack .../110-gvfs-common_1.48.2-0ubuntu1.1_all.deb ...
Unpacking gvfs-common (1.48.2-0ubuntu1.1) over (1.48.2-0ubuntu1) ...
Preparing to unpack .../111-libcdio19_2.1.0-3ubuntu0.2_arm64.deb ...
Unpacking libcdio19:arm64 (2.1.0-3ubuntu0.2) over (2.1.0-3build1) ...
Preparing to unpack .../112-libgphoto2-dev_2.5.27-1ubuntu0.1_arm64.deb ...
Unpacking libgphoto2-dev:arm64 (2.5.27-1ubuntu0.1) over (2.5.27-1build2) ...
Preparing to unpack .../113-libxpm4_1%3a3.5.12-1ubuntu0.22.04.3_arm64.deb ...
Unpacking libxpm4:arm64 (1:3.5.12-1ubuntu0.22.04.3) over (1:3.5.12-1ubuntu0.22.04.2) ...
Preparing to unpack .../114-libgd3_2.3.0-2ubuntu2.3_arm64.deb ...
Unpacking libgd3:arm64 (2.3.0-2ubuntu2.3) over (2.3.0-2ubuntu2) ...
Preparing to unpack .../115-libgphoto2-port12_2.5.27-1ubuntu0.1_arm64.deb ...
Unpacking libgphoto2-port12:arm64 (2.5.27-1ubuntu0.1) over (2.5.27-1build2) ...
Preparing to unpack .../116-libgphoto2-6_2.5.27-1ubuntu0.1_arm64.deb ...
Unpacking libgphoto2-6:arm64 (2.5.27-1ubuntu0.1) over (2.5.27-1build2) ...
Preparing to unpack .../117-libnfs13_4.0.0-1ubuntu0.1_arm64.deb ...
Unpacking libnfs13:arm64 (4.0.0-1ubuntu0.1) over (4.0.0-1build2) ...
Preparing to unpack .../118-nautilus_1%3a42.6-0ubuntu2_arm64.deb ...
Unpacking nautilus (1:42.6-0ubuntu2) over (1:42.6-0ubuntu1) ...
Preparing to unpack .../119-nautilus-data_1%3a42.6-0ubuntu2_all.deb ...
Unpacking nautilus-data (1:42.6-0ubuntu2) over (1:42.6-0ubuntu1) ...
Preparing to unpack .../120-libnautilus-extension1a_1%3a42.6-0ubuntu2_arm64.deb ...
Unpacking libnautilus-extension1a:arm64 (1:42.6-0ubuntu2) over (1:42.6-0ubuntu1) ...
Preparing to unpack .../121-fonts-noto-color-emoji_2.047-0ubuntu0.22.04.1_all.deb ...
Unpacking fonts-noto-color-emoji (2.047-0ubuntu0.22.04.1) over (2.042-0ubuntu0.22.04.1) ...
Preparing to unpack .../122-fonts-opensymbol_2%3a102.12+LibO7.3.7-0ubuntu0.22.04.12_all.deb ...
Unpacking fonts-opensymbol (2:102.12+LibO7.3.7-0ubuntu0.22.04.12) over (2:102.12+LibO7.3.7-0ubuntu0.22.04.4) ...
Selecting previously unselected package libftdi1-2:arm64.
Preparing to unpack .../123-libftdi1-2_1.5-5build3_arm64.deb ...
Unpacking libftdi1-2:arm64 (1.5-5build3) ...
Selecting previously unselected package libflashrom1:arm64.
Preparing to unpack .../124-libflashrom1_1.2-5build1_arm64.deb ...
Unpacking libflashrom1:arm64 (1.2-5build1) ...
Preparing to unpack .../125-libjcat1_0.2.3-1~ubuntu0.22.04.1_arm64.deb ...
Unpacking libjcat1:arm64 (0.2.3-1~ubuntu0.22.04.1) over (0.1.9-1) ...
Selecting previously unselected package libfwupd3:arm64.
Preparing to unpack .../126-libfwupd3_2.0.20-1ubuntu2~22.04.2_arm64.deb ...
Unpacking libfwupd3:arm64 (2.0.20-1ubuntu2~22.04.2) ...
Selecting previously unselected package libprotobuf-c1:arm64.
Preparing to unpack .../127-libprotobuf-c1_1.3.3-1ubuntu2.1_arm64.deb ...
Unpacking libprotobuf-c1:arm64 (1.3.3-1ubuntu2.1) ...
Preparing to unpack .../128-libxmlb2_0.3.24-1~ubuntu0.22.04.1_arm64.deb ...
Unpacking libxmlb2:arm64 (0.3.24-1~ubuntu0.22.04.1) over (0.3.6-2build1) ...
Preparing to unpack .../129-fwupd_2.0.20-1ubuntu2~22.04.2_arm64.deb ...
Unpacking fwupd (2.0.20-1ubuntu2~22.04.2) over (1.7.9-1~22.04.3) ...
Preparing to unpack .../130-gdb_12.1-0ubuntu1~22.04.2_arm64.deb ...
Unpacking gdb (12.1-0ubuntu1~22.04.2) over (12.1-0ubuntu1~22.04) ...
Preparing to unpack .../131-gdbserver_12.1-0ubuntu1~22.04.2_arm64.deb ...
Unpacking gdbserver (12.1-0ubuntu1~22.04.2) over (12.1-0ubuntu1~22.04) ...
Preparing to unpack .../132-ghostscript-x_9.55.0~dfsg1-0ubuntu5.13_arm64.deb ...
Unpacking ghostscript-x (9.55.0~dfsg1-0ubuntu5.13) over (9.55.0~dfsg1-0ubuntu5.6) ...
Preparing to unpack .../133-ghostscript_9.55.0~dfsg1-0ubuntu5.13_arm64.deb ...
Unpacking ghostscript (9.55.0~dfsg1-0ubuntu5.13) over (9.55.0~dfsg1-0ubuntu5.6) ...
Preparing to unpack .../134-libgs9_9.55.0~dfsg1-0ubuntu5.13_arm64.deb ...
Unpacking libgs9:arm64 (9.55.0~dfsg1-0ubuntu5.13) over (9.55.0~dfsg1-0ubuntu5.6) ...
Preparing to unpack .../135-libgs9-common_9.55.0~dfsg1-0ubuntu5.13_all.deb ...
Unpacking libgs9-common (9.55.0~dfsg1-0ubuntu5.13) over (9.55.0~dfsg1-0ubuntu5.6) ...
Preparing to unpack .../136-libidn12_1.38-4ubuntu1.1_arm64.deb ...
Unpacking libidn12:arm64 (1.38-4ubuntu1.1) over (1.38-4ubuntu1) ...
Preparing to unpack .../137-libjbig2dec0_0.19-3ubuntu0.1_arm64.deb ...
Unpacking libjbig2dec0:arm64 (0.19-3ubuntu0.1) over (0.19-3build2) ...
Preparing to unpack .../138-gir1.2-harfbuzz-0.0_2.7.4-1ubuntu3.2_arm64.deb ...
Unpacking gir1.2-harfbuzz-0.0:arm64 (2.7.4-1ubuntu3.2) over (2.7.4-1ubuntu3.1) ...
Preparing to unpack .../139-libpackagekit-glib2-18_1.2.5-2ubuntu3.1_arm64.deb ...
Unpacking libpackagekit-glib2-18:arm64 (1.2.5-2ubuntu3.1) over (1.2.5-2ubuntu2) ...
Preparing to unpack .../140-gir1.2-packagekitglib-1.0_1.2.5-2ubuntu3.1_arm64.deb ...
Unpacking gir1.2-packagekitglib-1.0 (1.2.5-2ubuntu3.1) over (1.2.5-2ubuntu2) ...
Preparing to unpack .../141-gnome-control-center-faces_1%3a41.7-0ubuntu0.22.04.9_all.deb ...
Unpacking gnome-control-center-faces (1:41.7-0ubuntu0.22.04.9) over (1:41.7-0ubuntu0.22.04.8) ...
Preparing to unpack .../142-gnome-shell-extension-ubuntu-dock_72~ubuntu5.22.04.3_all.deb ...
Unpacking gnome-shell-extension-ubuntu-dock (72~ubuntu5.22.04.3) over (72~ubuntu5.22.04.2.1) ...
Preparing to unpack .../143-gstreamer1.0-alsa_1.20.1-1ubuntu0.6_arm64.deb ...
Unpacking gstreamer1.0-alsa:arm64 (1.20.1-1ubuntu0.6) over (1.20.1-1ubuntu0.1) ...
Preparing to unpack .../144-gstreamer1.0-gl_1.20.1-1ubuntu0.6_arm64.deb ...
Unpacking gstreamer1.0-gl:arm64 (1.20.1-1ubuntu0.6) over (1.20.1-1ubuntu0.1) ...
Preparing to unpack .../145-gstreamer1.0-gtk3_1.20.3-0ubuntu1.8_arm64.deb ...
Unpacking gstreamer1.0-gtk3:arm64 (1.20.3-0ubuntu1.8) over (1.20.3-0ubuntu1.1) ...
Preparing to unpack .../146-packagekit-tools_1.2.5-2ubuntu3.1_arm64.deb ...
Unpacking packagekit-tools (1.2.5-2ubuntu3.1) over (1.2.5-2ubuntu2) ...
Preparing to unpack .../147-gstreamer1.0-packagekit_1.2.5-2ubuntu3.1_arm64.deb ...
Unpacking gstreamer1.0-packagekit (1.2.5-2ubuntu3.1) over (1.2.5-2ubuntu2) ...
Preparing to unpack .../148-packagekit_1.2.5-2ubuntu3.1_arm64.deb ...
Unpacking packagekit (1.2.5-2ubuntu3.1) over (1.2.5-2ubuntu2) ...
Preparing to unpack .../149-gstreamer1.0-tools_1.20.3-0ubuntu1.1_arm64.deb ...
Unpacking gstreamer1.0-tools (1.20.3-0ubuntu1.1) over (1.20.3-0ubuntu1) ...
Preparing to unpack .../150-gstreamer1.0-plugins-base-apps_1.20.1-1ubuntu0.6_arm64.deb ...
Unpacking gstreamer1.0-plugins-base-apps (1.20.1-1ubuntu0.6) over (1.20.1-1ubuntu0.1) ...
Preparing to unpack .../151-gstreamer1.0-pulseaudio_1.20.3-0ubuntu1.8_arm64.deb ...
Unpacking gstreamer1.0-pulseaudio:arm64 (1.20.3-0ubuntu1.8) over (1.20.3-0ubuntu1.1) ...
Preparing to unpack .../152-gstreamer1.0-x_1.20.1-1ubuntu0.6_arm64.deb ...
Unpacking gstreamer1.0-x:arm64 (1.20.1-1ubuntu0.6) over (1.20.1-1ubuntu0.1) ...
Preparing to unpack .../153-gtk-update-icon-cache_3.24.33-1ubuntu2.2_arm64.deb ...
Unpacking gtk-update-icon-cache (3.24.33-1ubuntu2.2) over (3.24.33-1ubuntu2) ...
Preparing to unpack .../154-gtk2-engines-pixbuf_2.24.33-2ubuntu2.1_arm64.deb ...
Unpacking gtk2-engines-pixbuf:arm64 (2.24.33-2ubuntu2.1) over (2.24.33-2ubuntu2) ...
Preparing to unpack .../155-libiperf0_3.9-1+deb11u1ubuntu0.1_arm64.deb ...
Unpacking libiperf0:arm64 (3.9-1+deb11u1ubuntu0.1) over (3.9-1+deb11u1build0.22.04.1) ...
Preparing to unpack .../156-iperf3_3.9-1+deb11u1ubuntu0.1_arm64.deb ...
Unpacking iperf3 (3.9-1+deb11u1ubuntu0.1) over (3.9-1+deb11u1build0.22.04.1) ...
Preparing to unpack .../157-ipp-usb_0.9.20-1ubuntu0.22.04.2_arm64.deb ...
Unpacking ipp-usb (0.9.20-1ubuntu0.22.04.2) over (0.9.20-1ubuntu0.22.04.1) ...
Preparing to unpack .../158-python-jetson-gpio_2.1.9ubuntu1_arm64.deb ...
Unpacking python-jetson-gpio (2.1.9ubuntu1) over (2.1.7ubuntu1) ...
Preparing to unpack .../159-python3-jetson-gpio_2.1.9ubuntu1_arm64.deb ...
Unpacking python3-jetson-gpio (2.1.9ubuntu1) over (2.1.7ubuntu1) ...
Preparing to unpack .../160-jetson-gpio-common_2.1.9ubuntu1_arm64.deb ...
Unpacking jetson-gpio-common (2.1.9ubuntu1) over (2.1.7ubuntu1) ...
Preparing to unpack .../161-jq_1.6-2.1ubuntu3.2_arm64.deb ...
Unpacking jq (1.6-2.1ubuntu3.2) over (1.6-2.1ubuntu3.1) ...
Preparing to unpack .../162-libjq1_1.6-2.1ubuntu3.2_arm64.deb ...
Unpacking libjq1:arm64 (1.6-2.1ubuntu3.2) over (1.6-2.1ubuntu3.1) ...
Preparing to unpack .../163-libabsl20210324_0~20210324.2-2ubuntu0.3_arm64.deb ...
Unpacking libabsl20210324:arm64 (0~20210324.2-2ubuntu0.3) over (0~20210324.2-2) ...
Preparing to unpack .../164-libaom3_3.3.0-1ubuntu0.1_arm64.deb ...
Unpacking libaom3:arm64 (3.3.0-1ubuntu0.1) over (3.3.0-1) ...
Preparing to unpack .../165-libblockdev-crypto2_2.26-1ubuntu0.1_arm64.deb ...
Unpacking libblockdev-crypto2:arm64 (2.26-1ubuntu0.1) over (2.26-1) ...
Preparing to unpack .../166-libcupsfilters1_1.28.15-0ubuntu1.5_arm64.deb ...
Unpacking libcupsfilters1:arm64 (1.28.15-0ubuntu1.5) over (1.28.15-0ubuntu1.2) ...
Preparing to unpack .../167-libevent-dev_2.1.12-stable-1ubuntu0.1_arm64.deb ...
Unpacking libevent-dev (2.1.12-stable-1ubuntu0.1) over (2.1.12-stable-1build3) ...
Preparing to unpack .../168-libevent-pthreads-2.1-7_2.1.12-stable-1ubuntu0.1_arm64.deb ...
Unpacking libevent-pthreads-2.1-7:arm64 (2.1.12-stable-1ubuntu0.1) over (2.1.12-stable-1build3) ...
Preparing to unpack .../169-libevent-openssl-2.1-7_2.1.12-stable-1ubuntu0.1_arm64.deb ...
Unpacking libevent-openssl-2.1-7:arm64 (2.1.12-stable-1ubuntu0.1) over (2.1.12-stable-1build3) ...
Preparing to unpack .../170-libevent-extra-2.1-7_2.1.12-stable-1ubuntu0.1_arm64.deb ...
Unpacking libevent-extra-2.1-7:arm64 (2.1.12-stable-1ubuntu0.1) over (2.1.12-stable-1build3) ...
Preparing to unpack .../171-libevent-core-2.1-7_2.1.12-stable-1ubuntu0.1_arm64.deb ...
Unpacking libevent-core-2.1-7:arm64 (2.1.12-stable-1ubuntu0.1) over (2.1.12-stable-1build3) ...
Preparing to unpack .../172-libevent-2.1-7_2.1.12-stable-1ubuntu0.1_arm64.deb ...
Unpacking libevent-2.1-7:arm64 (2.1.12-stable-1ubuntu0.1) over (2.1.12-stable-1build3) ...
Preparing to unpack .../173-libexiv2-27_0.27.5-3ubuntu1.3_arm64.deb ...
Unpacking libexiv2-27:arm64 (0.27.5-3ubuntu1.3) over (0.27.5-3ubuntu1) ...
Preparing to unpack .../174-libfprint-2-2_1%3a1.94.3+tod1-0ubuntu2~22.04.08_arm64.deb ...
Unpacking libfprint-2-2:arm64 (1:1.94.3+tod1-0ubuntu2~22.04.08) over (1:1.94.3+tod1-0ubuntu2~22.04.06) ...
Preparing to unpack .../175-libgtk2.0-common_2.24.33-2ubuntu2.1_all.deb ...
Unpacking libgtk2.0-common (2.24.33-2ubuntu2.1) over (2.24.33-2ubuntu2) ...
Preparing to unpack .../176-libgtk2.0-bin_2.24.33-2ubuntu2.1_arm64.deb ...
Unpacking libgtk2.0-bin (2.24.33-2ubuntu2.1) over (2.24.33-2ubuntu2) ...
Preparing to unpack .../177-libgail-common_2.24.33-2ubuntu2.1_arm64.deb ...
Unpacking libgail-common:arm64 (2.24.33-2ubuntu2.1) over (2.24.33-2ubuntu2) ...
Preparing to unpack .../178-libgail18_2.24.33-2ubuntu2.1_arm64.deb ...
Unpacking libgail18:arm64 (2.24.33-2ubuntu2.1) over (2.24.33-2ubuntu2) ...
Preparing to unpack .../179-libgtk2.0-0_2.24.33-2ubuntu2.1_arm64.deb ...
Unpacking libgtk2.0-0:arm64 (2.24.33-2ubuntu2.1) over (2.24.33-2ubuntu2) ...
Preparing to unpack .../180-libgdk-pixbuf2.0-bin_2.42.8+dfsg-1ubuntu0.5_arm64.deb ...
Unpacking libgdk-pixbuf2.0-bin (2.42.8+dfsg-1ubuntu0.5) over (2.42.8+dfsg-1ubuntu0.2) ...
Preparing to unpack .../181-libglib2.0-doc_2.72.4-0ubuntu2.9_all.deb ...
Unpacking libglib2.0-doc (2.72.4-0ubuntu2.9) over (2.72.4-0ubuntu2.2) ...
Preparing to unpack .../182-libgtk-4-bin_4.6.9+ds-0ubuntu0.22.04.2_arm64.deb ...
Unpacking libgtk-4-bin (4.6.9+ds-0ubuntu0.22.04.2) over (4.6.9+ds-0ubuntu0.22.04.1) ...
Preparing to unpack .../183-libhtml-parser-perl_3.76-1ubuntu0.1_arm64.deb ...
Unpacking libhtml-parser-perl:arm64 (3.76-1ubuntu0.1) over (3.76-1build2) ...
Preparing to unpack .../184-libhttp-date-perl_6.05-1ubuntu0.1_all.deb ...
Unpacking libhttp-date-perl (6.05-1ubuntu0.1) over (6.05-1) ...
Preparing to unpack .../185-libhttp-daemon-perl_6.13-1ubuntu0.2_all.deb ...
Unpacking libhttp-daemon-perl (6.13-1ubuntu0.2) over (6.13-1ubuntu0.1) ...
Preparing to unpack .../186-libiniparser1_4.1-4ubuntu4.2_arm64.deb ...
Unpacking libiniparser1:arm64 (4.1-4ubuntu4.2) over (4.1-4ubuntu4.1) ...
Preparing to unpack .../187-liblcms2-utils_2.12~rc1-2ubuntu0.1_arm64.deb ...
Unpacking liblcms2-utils (2.12~rc1-2ubuntu0.1) over (2.12~rc1-2build2) ...
Preparing to unpack .../188-libmalcontent-0-0_0.10.4-1ubuntu0.22.04.1_arm64.deb ...
Unpacking libmalcontent-0-0:arm64 (0.10.4-1ubuntu0.22.04.1) over (0.10.4-1) ...
Preparing to unpack .../189-libmbim-proxy_1.28.0-1~ubuntu20.04.2_arm64.deb ...
Unpacking libmbim-proxy (1.28.0-1~ubuntu20.04.2) over (1.28.0-1~ubuntu20.04.1) ...
Preparing to unpack .../190-libmbim-glib4_1.28.0-1~ubuntu20.04.2_arm64.deb ...
Unpacking libmbim-glib4:arm64 (1.28.0-1~ubuntu20.04.2) over (1.28.0-1~ubuntu20.04.1) ...
Preparing to unpack .../191-libmysqlclient21_8.0.46-0ubuntu0.22.04.4_arm64.deb ...
Unpacking libmysqlclient21:arm64 (8.0.46-0ubuntu0.22.04.4) over (8.0.36-0ubuntu0.22.04.1) ...
Preparing to unpack .../192-ncurses-term_6.3-2ubuntu0.3_all.deb ...
Unpacking ncurses-term (6.3-2ubuntu0.3) over (6.3-2ubuntu0.1) ...
Preparing to unpack .../193-libncurses5_6.3-2ubuntu0.3_arm64.deb ...
Unpacking libncurses5:arm64 (6.3-2ubuntu0.3) over (6.3-2ubuntu0.1) ...
Preparing to unpack .../194-libtinfo5_6.3-2ubuntu0.3_arm64.deb ...
Unpacking libtinfo5:arm64 (6.3-2ubuntu0.3) over (6.3-2ubuntu0.1) ...
Preparing to unpack .../195-libnvidia-container1_1.16.2-1_arm64.deb ...
Unpacking libnvidia-container1:arm64 (1.16.2-1) over (1.14.2-1) ...
Preparing to unpack .../196-libnvidia-container-tools_1.16.2-1_arm64.deb ...
Unpacking libnvidia-container-tools (1.16.2-1) over (1.14.2-1) ...
Preparing to unpack .../197-libnvvpi3_3.2.4_arm64.deb ...
Unpacking libnvvpi3 (3.2.4) over (3.1.5) ...
Preparing to unpack .../198-libpipewire-0.3-common_0.3.48-1ubuntu3.2_all.deb ...
Unpacking libpipewire-0.3-common (0.3.48-1ubuntu3.2) over (0.3.48-1ubuntu3) ...
Preparing to unpack .../199-libpq5_14.24-0ubuntu0.22.04.1_arm64.deb ...
Unpacking libpq5:arm64 (14.24-0ubuntu0.22.04.1) over (14.11-0ubuntu0.22.04.1) ...
Preparing to unpack .../200-libprotobuf23_3.12.4-1ubuntu7.22.04.6_arm64.deb ...
Unpacking libprotobuf23:arm64 (3.12.4-1ubuntu7.22.04.6) over (3.12.4-1ubuntu7.22.04.1) ...
Preparing to unpack .../201-librabbitmq4_0.10.0-1ubuntu2.2_arm64.deb ...
Unpacking librabbitmq4:arm64 (0.10.0-1ubuntu2.2) over (0.10.0-1ubuntu2) ...
Preparing to unpack .../202-librbd1_17.2.9-0ubuntu0.22.04.3_arm64.deb ...
Unpacking librbd1 (17.2.9-0ubuntu0.22.04.3) over (17.2.7-0ubuntu0.22.04.1) ...
Preparing to unpack .../203-librados2_17.2.9-0ubuntu0.22.04.3_arm64.deb ...
Unpacking librados2 (17.2.9-0ubuntu0.22.04.3) over (17.2.7-0ubuntu0.22.04.1) ...
Preparing to unpack .../204-libraptor2-0_2.0.15-0ubuntu4.1_arm64.deb ...
Unpacking libraptor2-0:arm64 (2.0.15-0ubuntu4.1) over (2.0.15-0ubuntu4) ...
Preparing to unpack .../205-libraw20_0.20.2-2ubuntu2.22.04.3_arm64.deb ...
Unpacking libraw20:arm64 (0.20.2-2ubuntu2.22.04.3) over (0.20.2-2ubuntu2.22.04.1) ...
Preparing to unpack .../206-libuno-sal3_1%3a7.3.7-0ubuntu0.22.04.12_arm64.deb ...
Unpacking libuno-sal3 (1:7.3.7-0ubuntu0.22.04.12) over (1:7.3.7-0ubuntu0.22.04.4) ...
Preparing to unpack .../207-libuno-salhelpergcc3-3_1%3a7.3.7-0ubuntu0.22.04.12_arm64.deb ...
Unpacking libuno-salhelpergcc3-3 (1:7.3.7-0ubuntu0.22.04.12) over (1:7.3.7-0ubuntu0.22.04.4) ...
Preparing to unpack .../208-libuno-cppu3_1%3a7.3.7-0ubuntu0.22.04.12_arm64.deb ...
Unpacking libuno-cppu3 (1:7.3.7-0ubuntu0.22.04.12) over (1:7.3.7-0ubuntu0.22.04.4) ...
Preparing to unpack .../209-libuno-cppuhelpergcc3-3_1%3a7.3.7-0ubuntu0.22.04.12_arm64.deb ...
Unpacking libuno-cppuhelpergcc3-3 (1:7.3.7-0ubuntu0.22.04.12) over (1:7.3.7-0ubuntu0.22.04.4) ...
Preparing to unpack .../210-ure_1%3a7.3.7-0ubuntu0.22.04.12_arm64.deb ...
Unpacking ure (1:7.3.7-0ubuntu0.22.04.12) over (1:7.3.7-0ubuntu0.22.04.4) ...
Preparing to unpack .../211-uno-libs-private_1%3a7.3.7-0ubuntu0.22.04.12_arm64.deb ...
Unpacking uno-libs-private (1:7.3.7-0ubuntu0.22.04.12) over (1:7.3.7-0ubuntu0.22.04.4) ...
Preparing to unpack .../212-libuno-purpenvhelpergcc3-3_1%3a7.3.7-0ubuntu0.22.04.12_arm64.deb ...
Unpacking libuno-purpenvhelpergcc3-3 (1:7.3.7-0ubuntu0.22.04.12) over (1:7.3.7-0ubuntu0.22.04.4) ...
Preparing to unpack .../213-libreoffice-calc_1%3a7.3.7-0ubuntu0.22.04.12_arm64.deb ...
Unpacking libreoffice-calc (1:7.3.7-0ubuntu0.22.04.12) over (1:7.3.7-0ubuntu0.22.04.4) ...
Preparing to unpack .../214-libreoffice-impress_1%3a7.3.7-0ubuntu0.22.04.12_arm64.deb ...
Unpacking libreoffice-impress (1:7.3.7-0ubuntu0.22.04.12) over (1:7.3.7-0ubuntu0.22.04.4) ...
Preparing to unpack .../215-libreoffice-draw_1%3a7.3.7-0ubuntu0.22.04.12_arm64.deb ...
Unpacking libreoffice-draw (1:7.3.7-0ubuntu0.22.04.12) over (1:7.3.7-0ubuntu0.22.04.4) ...
Preparing to unpack .../216-libreoffice-math_1%3a7.3.7-0ubuntu0.22.04.12_arm64.deb ...
Unpacking libreoffice-math (1:7.3.7-0ubuntu0.22.04.12) over (1:7.3.7-0ubuntu0.22.04.4) ...
Preparing to unpack .../217-libreoffice-common_1%3a7.3.7-0ubuntu0.22.04.12_all.deb ...
Unpacking libreoffice-common (1:7.3.7-0ubuntu0.22.04.12) over (1:7.3.7-0ubuntu0.22.04.4) ...
Preparing to unpack .../218-libreoffice-gnome_1%3a7.3.7-0ubuntu0.22.04.12_arm64.deb ...
Unpacking libreoffice-gnome (1:7.3.7-0ubuntu0.22.04.12) over (1:7.3.7-0ubuntu0.22.04.4) ...
Preparing to unpack .../219-libreoffice-gtk3_1%3a7.3.7-0ubuntu0.22.04.12_arm64.deb ...
Unpacking libreoffice-gtk3 (1:7.3.7-0ubuntu0.22.04.12) over (1:7.3.7-0ubuntu0.22.04.4) ...
Preparing to unpack .../220-libreoffice-base-core_1%3a7.3.7-0ubuntu0.22.04.12_arm64.deb ...
Unpacking libreoffice-base-core (1:7.3.7-0ubuntu0.22.04.12) over (1:7.3.7-0ubuntu0.22.04.4) ...
Preparing to unpack .../221-python3-uno_1%3a7.3.7-0ubuntu0.22.04.12_arm64.deb ...
Unpacking python3-uno (1:7.3.7-0ubuntu0.22.04.12) over (1:7.3.7-0ubuntu0.22.04.4) ...
Preparing to unpack .../222-libreoffice-writer_1%3a7.3.7-0ubuntu0.22.04.12_arm64.deb ...
Unpacking libreoffice-writer (1:7.3.7-0ubuntu0.22.04.12) over (1:7.3.7-0ubuntu0.22.04.4) ...
Preparing to unpack .../223-libreoffice-core_1%3a7.3.7-0ubuntu0.22.04.12_arm64.deb ...
Unpacking libreoffice-core (1:7.3.7-0ubuntu0.22.04.12) over (1:7.3.7-0ubuntu0.22.04.4) ...
Preparing to unpack .../224-libreoffice-style-colibre_1%3a7.3.7-0ubuntu0.22.04.12_all.deb ...
Unpacking libreoffice-style-colibre (1:7.3.7-0ubuntu0.22.04.12) over (1:7.3.7-0ubuntu0.22.04.4) ...
Preparing to unpack .../225-libreoffice-style-breeze_1%3a7.3.7-0ubuntu0.22.04.12_all.deb ...
Unpacking libreoffice-style-breeze (1:7.3.7-0ubuntu0.22.04.12) over (1:7.3.7-0ubuntu0.22.04.4) ...
Preparing to unpack .../226-libreoffice-style-elementary_1%3a7.3.7-0ubuntu0.22.04.12_all.deb ...
Unpacking libreoffice-style-elementary (1:7.3.7-0ubuntu0.22.04.12) over (1:7.3.7-0ubuntu0.22.04.4) ...
Preparing to unpack .../227-libreoffice-style-yaru_1%3a7.3.7-0ubuntu0.22.04.12_all.deb ...
Unpacking libreoffice-style-yaru (1:7.3.7-0ubuntu0.22.04.12) over (1:7.3.7-0ubuntu0.22.04.4) ...
Preparing to unpack .../228-libslirp0_4.6.1-1ubuntu0.2_arm64.deb ...
Unpacking libslirp0:arm64 (4.6.1-1ubuntu0.2) over (4.6.1-1build1) ...
Preparing to unpack .../229-libsnmp-base_5.9.1+dfsg-1ubuntu2.9_all.deb ...
Unpacking libsnmp-base (5.9.1+dfsg-1ubuntu2.9) over (5.9.1+dfsg-1ubuntu2.6) ...
Preparing to unpack .../230-libsnmp40_5.9.1+dfsg-1ubuntu2.9_arm64.deb ...
Unpacking libsnmp40:arm64 (5.9.1+dfsg-1ubuntu2.9) over (5.9.1+dfsg-1ubuntu2.6) ...
Preparing to unpack .../231-libssh-gcrypt-4_0.9.6-2ubuntu0.22.04.8_arm64.deb ...
Unpacking libssh-gcrypt-4:arm64 (0.9.6-2ubuntu0.22.04.8) over (0.9.6-2ubuntu0.22.04.3) ...
Preparing to unpack .../232-libsysmetrics1_1.7.1ubuntu0.1_arm64.deb ...
Unpacking libsysmetrics1:arm64 (1.7.1ubuntu0.1) over (1.7.1) ...
Preparing to unpack .../233-libtss2-mu0_3.2.0-1ubuntu1.1_arm64.deb ...
Unpacking libtss2-mu0:arm64 (3.2.0-1ubuntu1.1) over (3.2.0-1ubuntu1) ...
Preparing to unpack .../234-libtss2-tcti-cmd0_3.2.0-1ubuntu1.1_arm64.deb ...
Unpacking libtss2-tcti-cmd0:arm64 (3.2.0-1ubuntu1.1) over (3.2.0-1ubuntu1) ...
Preparing to unpack .../235-libtss2-tcti-device0_3.2.0-1ubuntu1.1_arm64.deb ...
Unpacking libtss2-tcti-device0:arm64 (3.2.0-1ubuntu1.1) over (3.2.0-1ubuntu1) ...
Preparing to unpack .../236-libtss2-tcti-mssim0_3.2.0-1ubuntu1.1_arm64.deb ...
Unpacking libtss2-tcti-mssim0:arm64 (3.2.0-1ubuntu1.1) over (3.2.0-1ubuntu1) ...
Preparing to unpack .../237-libtss2-tcti-swtpm0_3.2.0-1ubuntu1.1_arm64.deb ...
Unpacking libtss2-tcti-swtpm0:arm64 (3.2.0-1ubuntu1.1) over (3.2.0-1ubuntu1) ...
Preparing to unpack .../238-libtss2-sys1_3.2.0-1ubuntu1.1_arm64.deb ...
Unpacking libtss2-sys1:arm64 (3.2.0-1ubuntu1.1) over (3.2.0-1ubuntu1) ...
Preparing to unpack .../239-libtss2-esys-3.0.2-0_3.2.0-1ubuntu1.1_arm64.deb ...
Unpacking libtss2-esys-3.0.2-0:arm64 (3.2.0-1ubuntu1.1) over (3.2.0-1ubuntu1) ...
Preparing to unpack .../240-libtss2-rc0_3.2.0-1ubuntu1.1_arm64.deb ...
Unpacking libtss2-rc0:arm64 (3.2.0-1ubuntu1.1) over (3.2.0-1ubuntu1) ...
Preparing to unpack .../241-libtss2-tctildr0_3.2.0-1ubuntu1.1_arm64.deb ...
Unpacking libtss2-tctildr0:arm64 (3.2.0-1ubuntu1.1) over (3.2.0-1ubuntu1) ...
Preparing to unpack .../242-libvncclient1_0.9.13+dfsg-3ubuntu0.2_arm64.deb ...
Unpacking libvncclient1:arm64 (0.9.13+dfsg-3ubuntu0.2) over (0.9.13+dfsg-3build2) ...
Preparing to unpack .../243-libwww-perl_6.61-1ubuntu0.1_all.deb ...
Unpacking libwww-perl (6.61-1ubuntu0.1) over (6.61-1) ...
Preparing to unpack .../244-libxml-parser-perl_2.46-3ubuntu0.1_arm64.deb ...
Unpacking libxml-parser-perl:arm64 (2.46-3ubuntu0.1) over (2.46-3build1) ...
Preparing to unpack .../245-libxnvctrl0_510.47.03-0ubuntu1.22.04.1_arm64.deb ...
Unpacking libxnvctrl0:arm64 (510.47.03-0ubuntu1.22.04.1) over (510.47.03-0ubuntu1) ...
Preparing to unpack .../246-yelp-xsl_42.0-1ubuntu0.1_all.deb ...
Unpacking yelp-xsl (42.0-1ubuntu0.1) over (42.0-1) ...
Preparing to unpack .../247-yelp_42.1-1ubuntu0.2_arm64.deb ...
Unpacking yelp (42.1-1ubuntu0.2) over (42.1-1) ...
Preparing to unpack .../248-libyelp0_42.1-1ubuntu0.2_arm64.deb ...
Unpacking libyelp0:arm64 (42.1-1ubuntu0.2) over (42.1-1) ...
Preparing to unpack .../249-linux-firmware_20220329.git681281e4-0ubuntu3.42_all.deb ...
Unpacking linux-firmware (20220329.git681281e4-0ubuntu3.42) over (20220329.git681281e4-0ubuntu3.29) ...
Preparing to unpack .../250-mailcap_3.70+nmu1ubuntu1.22.04.1_all.deb ...
Unpacking mailcap (3.70+nmu1ubuntu1.22.04.1) over (3.70+nmu1ubuntu1) ...
Preparing to unpack .../251-modemmanager_1.20.0-1~ubuntu22.04.4_arm64.deb ...
Unpacking modemmanager (1.20.0-1~ubuntu22.04.4) over (1.20.0-1~ubuntu22.04.3) ...
Preparing to unpack .../252-net-tools_1.60+git20181103.0eebece-1ubuntu5.4_arm64.deb ...
Unpacking net-tools (1.60+git20181103.0eebece-1ubuntu5.4) over (1.60+git20181103.0eebece-1ubuntu5) ...
Preparing to unpack .../253-network-manager-config-connectivity-ubuntu_1.36.6-0ubuntu2.5_all.deb ...
Unpacking network-manager-config-connectivity-ubuntu (1.36.6-0ubuntu2.5) over (1.36.6-0ubuntu2) ...
Preparing to unpack .../254-network-manager-openvpn-gnome_1.8.18-1ubuntu0.2_arm64.deb ...
Unpacking network-manager-openvpn-gnome (1.8.18-1ubuntu0.2) over (1.8.18-1) ...
Preparing to unpack .../255-openvpn_2.5.11-0ubuntu0.22.04.4_arm64.deb ...
Unpacking openvpn (2.5.11-0ubuntu0.22.04.4) over (2.5.9-0ubuntu0.22.04.2) ...
Preparing to unpack .../256-network-manager-openvpn_1.8.18-1ubuntu0.2_arm64.deb ...
Unpacking network-manager-openvpn (1.8.18-1ubuntu0.2) over (1.8.18-1) ...
Preparing to unpack .../257-nvidia-container-toolkit_1.16.2-1_arm64.deb ...
Unpacking nvidia-container-toolkit (1.16.2-1) over (1.14.2-1) ...
Preparing to unpack .../258-nvidia-container-toolkit-base_1.16.2-1_arm64.deb ...
Unpacking nvidia-container-toolkit-base (1.16.2-1) over (1.14.2-1) ...
Selecting previously unselected package pva-allow-2.
Preparing to unpack .../259-pva-allow-2_2.0.5_all.deb ...
Unpacking pva-allow-2 (2.0.5) ...
Preparing to unpack .../260-python3-attr_21.2.0-1ubuntu1_all.deb ...
Unpacking python3-attr (21.2.0-1ubuntu1) over (21.2.0-1) ...
Preparing to unpack .../261-python3-cryptography_3.4.8-1ubuntu2.4_arm64.deb ...
Unpacking python3-cryptography (3.4.8-1ubuntu2.4) over (3.4.8-1ubuntu2.2) ...
Preparing to unpack .../262-python3-idna_3.3-1ubuntu0.2_all.deb ...
Unpacking python3-idna (3.3-1ubuntu0.2) over (3.3-1) ...
Preparing to unpack .../263-python3-jwt_2.3.0-1ubuntu0.3_all.deb ...
Unpacking python3-jwt (2.3.0-1ubuntu0.3) over (2.3.0-1ubuntu0.2) ...
Preparing to unpack .../264-python3-mako_1.1.3+ds1-2ubuntu0.2_all.deb ...
Unpacking python3-mako (1.1.3+ds1-2ubuntu0.2) over (1.1.3+ds1-2ubuntu0.1) ...
Preparing to unpack .../265-python3-paramiko_2.9.3-0ubuntu1.3_all.deb ...
Unpacking python3-paramiko (2.9.3-0ubuntu1.3) over (2.9.3-0ubuntu1.2) ...
Preparing to unpack .../266-python3-pil.imagetk_9.0.1-1ubuntu0.5_arm64.deb ...
Unpacking python3-pil.imagetk:arm64 (9.0.1-1ubuntu0.5) over (9.0.1-1ubuntu0.2) ...
Preparing to unpack .../267-python3-pil_9.0.1-1ubuntu0.5_arm64.deb ...
Unpacking python3-pil:arm64 (9.0.1-1ubuntu0.5) over (9.0.1-1ubuntu0.2) ...
Preparing to unpack .../268-python3-protobuf_3.12.4-1ubuntu7.22.04.6_arm64.deb ...
Unpacking python3-protobuf (3.12.4-1ubuntu7.22.04.6) over (3.12.4-1ubuntu7.22.04.1) ...
Preparing to unpack .../269-python3-urllib3_1.26.5-1~exp1ubuntu0.7_all.deb ...
Unpacking python3-urllib3 (1.26.5-1~exp1ubuntu0.7) over (1.26.5-1~exp1ubuntu0.1) ...
Preparing to unpack .../270-python3-requests_2.25.1+dfsg-2ubuntu0.3_all.deb ...
Unpacking python3-requests (2.25.1+dfsg-2ubuntu0.3) over (2.25.1+dfsg-2ubuntu0.1) ...
Preparing to unpack .../271-python3-urwid_2.1.2-2ubuntu0.1_arm64.deb ...
Unpacking python3-urwid (2.1.2-2ubuntu0.1) over (2.1.2-2build1) ...
Preparing to unpack .../272-python3-zipp_1.0.0-3ubuntu0.1_all.deb ...
Unpacking python3-zipp (1.0.0-3ubuntu0.1) over (1.0.0-3) ...
Preparing to unpack .../273-python3.10-vpi3_3.2.4_arm64.deb ...
Unpacking python3.10-vpi3 (3.2.4) over (3.1.5) ...
Preparing to unpack .../274-rfkill_2.37.2-4ubuntu3.6_arm64.deb ...
Unpacking rfkill (2.37.2-4ubuntu3.6) over (2.37.2-4ubuntu3.3) ...
Preparing to unpack .../275-snapd_2.76.3+ubuntu22.04_arm64.deb ...
Unpacking snapd (2.76.3+ubuntu22.04) over (2.61.3+22.04) ...
Preparing to unpack .../276-tensorrt-libs_10.3.0.30-1+cuda12.5_arm64.deb ...
Unpacking tensorrt-libs (10.3.0.30-1+cuda12.5) over (8.6.2.3-1+cuda12.2) ...
Preparing to unpack .../277-thunderbird_1%3a140.7.1+build1-0ubuntu0.22.04.1_arm64.deb ...
Unpacking thunderbird (1:140.7.1+build1-0ubuntu0.22.04.1) over (1:115.9.0+build1-0ubuntu0.22.04.1) ...
Preparing to unpack .../278-thunderbird-gnome-support_1%3a140.7.1+build1-0ubuntu0.22.04.1_arm64.deb ...
Unpacking thunderbird-gnome-support (1:140.7.1+build1-0ubuntu0.22.04.1) over (1:115.9.0+build1-0ubuntu0.22.04.1) ...
Preparing to unpack .../279-transmission-common_3.00-2ubuntu2.2_all.deb ...
Unpacking transmission-common (3.00-2ubuntu2.2) over (3.00-2ubuntu2.1) ...
Preparing to unpack .../280-transmission-gtk_3.00-2ubuntu2.2_arm64.deb ...
Unpacking transmission-gtk (3.00-2ubuntu2.2) over (3.00-2ubuntu2.1) ...
Preparing to unpack .../281-ubuntu-advantage-desktop-daemon_1.10.ubuntu0.22.04.2_arm64.deb ...
Unpacking ubuntu-advantage-desktop-daemon (1.10.ubuntu0.22.04.2) over (1.10~22.04.1) ...
Preparing to unpack .../282-wpasupplicant_2%3a2.10-6ubuntu2.4_arm64.deb ...
Unpacking wpasupplicant (2:2.10-6ubuntu2.4) over (2:2.10-6ubuntu2) ...
Preparing to unpack .../283-ubuntu-desktop-minimal_1.481.5_arm64.deb ...
Unpacking ubuntu-desktop-minimal (1.481.5) over (1.481.1) ...
Preparing to unpack .../284-ubuntu-desktop_1.481.5_arm64.deb ...
Unpacking ubuntu-desktop (1.481.5) over (1.481.1) ...
Preparing to unpack .../285-ubuntu-report_1.7.1ubuntu0.1_arm64.deb ...
Unpacking ubuntu-report (1.7.1ubuntu0.1) over (1.7.1) ...
Preparing to unpack .../286-usbmuxd_1.1.1-2ubuntu0.1_arm64.deb ...
Unpacking usbmuxd (1.1.1-2ubuntu0.1) over (1.1.1-2build2) ...
Preparing to unpack .../287-vpi3-dev_3.2.4_arm64.deb ...
Unpacking vpi3-dev (3.2.4) over (3.1.5) ...
Preparing to unpack .../288-vpi3-python-src_3.2.4_arm64.deb ...
Unpacking vpi3-python-src (3.2.4) over (3.1.5) ...
Preparing to unpack .../289-vpi3-samples_3.2.4_arm64.deb ...
Unpacking vpi3-samples (3.2.4) over (3.1.5) ...
Preparing to unpack .../290-wireless-regdb_2026.05.30-0ubuntu1~22.04.1_all.deb ...
Unpacking wireless-regdb (2026.05.30-0ubuntu1~22.04.1) over (2022.06.06-0ubuntu1~22.04.1) ...
Preparing to unpack .../291-xdg-desktop-portal_1.14.4-1ubuntu2~22.04.2_arm64.deb ...
Unpacking xdg-desktop-portal (1.14.4-1ubuntu2~22.04.2) over (1.14.4-1ubuntu2~22.04.1) ...
Preparing to unpack .../292-xdg-desktop-portal-gnome_42.1-0ubuntu2_arm64.deb ...
Unpacking xdg-desktop-portal-gnome (42.1-0ubuntu2) over (42.1-0ubuntu1) ...
Preparing to unpack .../293-xserver-xephyr_2%3a21.1.4-2ubuntu1.7~22.04.16_arm64.deb ...
Unpacking xserver-xephyr (2:21.1.4-2ubuntu1.7~22.04.16) over (2:21.1.4-2ubuntu1.7~22.04.8) ...
Preparing to unpack .../294-xwayland_2%3a22.1.1-1ubuntu0.20_arm64.deb ...
Unpacking xwayland (2:22.1.1-1ubuntu0.20) over (2:22.1.1-1ubuntu0.11) ...
Preparing to unpack .../295-gnupg2_2.2.27-3ubuntu2.5_all.deb ...
Unpacking gnupg2 (2.2.27-3ubuntu2.5) over (2.2.27-3ubuntu2.1) ...
Preparing to unpack .../296-libgl1-mesa-dev_23.2.1-1ubuntu3.1~22.04.4_arm64.deb ...
Unpacking libgl1-mesa-dev:arm64 (23.2.1-1ubuntu3.1~22.04.4) over (23.2.1-1ubuntu3.1~22.04.2) ...
Preparing to unpack .../297-sssd_2.6.3-1ubuntu3.9_arm64.deb ...
Unpacking sssd (2.6.3-1ubuntu3.9) over (2.6.3-1ubuntu3.2) ...
Preparing to unpack .../298-python3-sss_2.6.3-1ubuntu3.9_arm64.deb ...
Unpacking python3-sss (2.6.3-1ubuntu3.9) over (2.6.3-1ubuntu3.2) ...
Preparing to unpack .../299-sssd-proxy_2.6.3-1ubuntu3.9_arm64.deb ...
Unpacking sssd-proxy (2.6.3-1ubuntu3.9) over (2.6.3-1ubuntu3.2) ...
Preparing to unpack .../300-sssd-krb5_2.6.3-1ubuntu3.9_arm64.deb ...
Unpacking sssd-krb5 (2.6.3-1ubuntu3.9) over (2.6.3-1ubuntu3.2) ...
Preparing to unpack .../301-sssd-ad_2.6.3-1ubuntu3.9_arm64.deb ...
Unpacking sssd-ad (2.6.3-1ubuntu3.9) over (2.6.3-1ubuntu3.2) ...
Preparing to unpack .../302-sssd-ldap_2.6.3-1ubuntu3.9_arm64.deb ...
Unpacking sssd-ldap (2.6.3-1ubuntu3.9) over (2.6.3-1ubuntu3.2) ...
Preparing to unpack .../303-sssd-ipa_2.6.3-1ubuntu3.9_arm64.deb ...
Unpacking sssd-ipa (2.6.3-1ubuntu3.9) over (2.6.3-1ubuntu3.2) ...
Preparing to unpack .../304-sssd-krb5-common_2.6.3-1ubuntu3.9_arm64.deb ...
Unpacking sssd-krb5-common (2.6.3-1ubuntu3.9) over (2.6.3-1ubuntu3.2) ...
Preparing to unpack .../305-sssd-ad-common_2.6.3-1ubuntu3.9_arm64.deb ...
Unpacking sssd-ad-common (2.6.3-1ubuntu3.9) over (2.6.3-1ubuntu3.2) ...
Preparing to unpack .../306-sssd-common_2.6.3-1ubuntu3.9_arm64.deb ...
Unpacking sssd-common (2.6.3-1ubuntu3.9) over (2.6.3-1ubuntu3.2) ...
Preparing to unpack .../307-libnss-sss_2.6.3-1ubuntu3.9_arm64.deb ...
Unpacking libnss-sss:arm64 (2.6.3-1ubuntu3.9) over (2.6.3-1ubuntu3.2) ...
Preparing to unpack .../308-libpam-sss_2.6.3-1ubuntu3.9_arm64.deb ...
Unpacking libpam-sss:arm64 (2.6.3-1ubuntu3.9) over (2.6.3-1ubuntu3.2) ...
Preparing to unpack .../309-libsss-certmap0_2.6.3-1ubuntu3.9_arm64.deb ...
Unpacking libsss-certmap0 (2.6.3-1ubuntu3.9) over (2.6.3-1ubuntu3.2) ...
Preparing to unpack .../310-libsss-nss-idmap0_2.6.3-1ubuntu3.9_arm64.deb ...
Unpacking libsss-nss-idmap0 (2.6.3-1ubuntu3.9) over (2.6.3-1ubuntu3.2) ...
Preparing to unpack .../311-libsss-idmap0_2.6.3-1ubuntu3.9_arm64.deb ...
Unpacking libsss-idmap0 (2.6.3-1ubuntu3.9) over (2.6.3-1ubuntu3.2) ...
Preparing to unpack .../312-libipa-hbac0_2.6.3-1ubuntu3.9_arm64.deb ...
Unpacking libipa-hbac0 (2.6.3-1ubuntu3.9) over (2.6.3-1ubuntu3.2) ...
Preparing to unpack .../313-libreoffice-pdfimport_1%3a7.3.7-0ubuntu0.22.04.12_all.deb ...
Unpacking libreoffice-pdfimport (1:7.3.7-0ubuntu0.22.04.12) over (1:7.3.7-0ubuntu0.22.04.4) ...
Preparing to unpack .../314-p11-kit_0.24.0-6ubuntu0.1_arm64.deb ...
Unpacking p11-kit (0.24.0-6ubuntu0.1) over (0.24.0-6build1) ...
Preparing to unpack .../315-qemu-efi-aarch64_2022.02-3ubuntu0.22.04.6_all.deb ...
Unpacking qemu-efi-aarch64 (2022.02-3ubuntu0.22.04.6) over (2022.02-3ubuntu0.22.04.2) ...
Preparing to unpack .../316-qemu-efi_2022.02-3ubuntu0.22.04.6_all.deb ...
Unpacking qemu-efi (2022.02-3ubuntu0.22.04.6) over (2022.02-3ubuntu0.22.04.2) ...
Preparing to unpack .../317-tailscale_1.102.4_arm64.deb ...
Unpacking tailscale (1.102.4) over (1.102.3) ...
Setting up libssh-gcrypt-4:arm64 (0.9.6-2ubuntu0.22.04.8) ...
Setting up libgs9-common (9.55.0~dfsg1-0ubuntu5.13) ...
Setting up libpipewire-0.3-common (0.3.48-1ubuntu3.2) ...
Setting up cpio (2.13+dfsg-7ubuntu0.2) ...
Setting up libgsf-1-common (1.14.47-1ubuntu0.1) ...
Setting up cuda-cccl-12-6 (12.6.37-1) ...
Setting up bubblewrap (0.6.1-1ubuntu0.3) ...
Setting up cuda-toolkit-config-common (12.6.68-1) ...
Setting up libgraphite2-3:arm64 (1.3.14-1ubuntu0.1) ...
Setting up liblcms2-2:arm64 (2.12~rc1-2ubuntu0.1) ...
Setting up python3-attr (21.2.0-1ubuntu1) ...
Setting up efibootmgr (17-1ubuntu2) ...
Setting up gcc-11-base:arm64 (11.4.0-1ubuntu1~22.04.3) ...
Setting up libaom3:arm64 (3.3.0-1ubuntu0.1) ...
Setting up librabbitmq4:arm64 (0.10.0-1ubuntu2.2) ...
Setting up librados2 (17.2.9-0ubuntu0.22.04.3) ...
Setting up libmysqlclient21:arm64 (8.0.46-0ubuntu0.22.04.4) ...
Setting up net-tools (1.60+git20181103.0eebece-1ubuntu5.4) ...
Setting up libapparmor1:arm64 (3.0.4-2ubuntu2.5) ...
Setting up libiniparser1:arm64 (4.1-4ubuntu4.2) ...
Setting up pci.ids (0.0~2022.01.22-1ubuntu0.1) ...
Setting up libnftables1:arm64 (1.0.2-1ubuntu3.1) ...
Setting up libsodium23:arm64 (1.0.18-1ubuntu0.22.04.1) ...
Setting up linux-base (4.5ubuntu9+22.04.1) ...
Setting up libmpg123-0:arm64 (1.29.3-1ubuntu0.1) ...
Setting up nvidia-l4t-cudadebuggingsupport (12.6-34622040.0) ...
Setting up nftables (1.0.2-1ubuntu3.1) ...
Setting up libsss-idmap0 (2.6.3-1ubuntu3.9) ...
Setting up nvidia-l4t-configs (36.5.2-20260716114719) ...
Installing new version of config file /etc/skel/.xsessionrc ...
Installing new version of config file /etc/systemd/nvfb-early.sh ...
Installing new version of config file /etc/xdg/autostart/nvbackground.sh ...
Setting up libnvinfer-headers-dev (10.3.0.30-1+cuda12.5) ...
Setting up bsdextrautils (2.37.2-4ubuntu3.6) ...
Setting up libxpm4:arm64 (1:3.5.12-1ubuntu0.22.04.3) ...
Setting up wget (1.21.2-2ubuntu1.5) ...
Setting up libvte-2.91-common (0.68.0-1ubuntu0.1) ...
Setting up libdebuginfod-common (0.186-1ubuntu0.1) ...
Setting up nvidia-l4t-vulkan-sc-sdk (36.5.2-20260716114719) ...
Setting up libgbm1:arm64 (23.2.1-1ubuntu3.1~22.04.4) ...
Setting up python3-jwt (2.3.0-1ubuntu0.3) ...
Setting up fonts-noto-color-emoji (2.047-0ubuntu0.22.04.1) ...
Setting up evince-common (42.3-0ubuntu3.2) ...
Setting up linux-firmware (20220329.git681281e4-0ubuntu3.42) ...
Setting up libjq1:arm64 (1.6-2.1ubuntu3.2) ...
Setting up python3-problem-report (2.20.11-0ubuntu82.10) ...
Setting up libglib2.0-0:arm64 (2.72.4-0ubuntu2.9) ...
Setting up distro-info-data (0.72-0ubuntu0.22.04.1) ...
Setting up openssh-client (1:8.9p1-3ubuntu0.17) ...
Setting up libsnmp-base (5.9.1+dfsg-1ubuntu2.9) ...
Setting up libnvinfer10 (10.3.0.30-1+cuda12.5) ...
Setting up nvidia-l4t-libwayland-server0 (36.5.2-20260716114719) ...
Setting up libxmlb2:arm64 (0.3.24-1~ubuntu0.22.04.1) ...
Setting up nvidia-l4t-vulkan-sc-dev (36.5.2-20260716114719) ...
Setting up nvidia-l4t-init (36.5.2-20260716114719) ...
Installing new version of config file /etc/nvidia-container-runtime/host-files-for-container.d/drivers.csv ...
Installing new version of config file /etc/systemd/nv.sh ...
Installing new version of config file /etc/systemd/nvfb.sh ...
Installing new version of config file /etc/systemd/nvpower.sh ...
Installing new version of config file /etc/systemd/nvzramconfig.sh ...
Installing new version of config file /etc/udev/rules.d/99-tegra-devices.rules ...
Setting up wireless-regdb (2026.05.30-0ubuntu1~22.04.1) ...
Setting up libsqlite3-0:arm64 (3.37.2-2ubuntu0.8) ...
Setting up libtss2-mu0:arm64 (3.2.0-1ubuntu1.1) ...
Setting up nvidia-l4t-nvml (36.5.2-20260716114719) ...
Setting up libgdk-pixbuf2.0-common (2.42.8+dfsg-1ubuntu0.5) ...
Setting up rsyslog (8.2112.0-2ubuntu2.4) ...
The user `syslog' is already a member of `adm'.
Setting up libtss2-tcti-swtpm0:arm64 (3.2.0-1ubuntu1.1) ...
Setting up binutils-common:arm64 (2.38-4ubuntu2.12) ...
Setting up libnvinfer-plugin10 (10.3.0.30-1+cuda12.5) ...
Setting up libnghttp2-14:arm64 (1.43.0-1ubuntu0.4) ...
Setting up libuno-sal3 (1:7.3.7-0ubuntu0.22.04.12) ...
Setting up libsysmetrics1:arm64 (1.7.1ubuntu0.1) ...
Setting up less (590-1ubuntu0.22.04.3) ...
Setting up linux-libc-dev:arm64 (5.15.0-191.201) ...
Setting up libctf-nobfd0:arm64 (2.38-4ubuntu2.12) ...
Setting up libpackagekit-glib2-18:arm64 (1.2.5-2ubuntu3.1) ...
Setting up nvidia-l4t-dla-compiler (36.5.2-20260716114719) ...
Setting up liborc-0.4-dev-bin (1:0.4.32-2ubuntu0.1) ...
Setting up libnvinfer-vc-plugin10 (10.3.0.30-1+cuda12.5) ...
Setting up python3-urwid (2.1.2-2ubuntu0.1) ...
Setting up libglib2.0-doc (2.72.4-0ubuntu2.9) ...
Setting up libprotobuf23:arm64 (3.12.4-1ubuntu7.22.04.6) ...
Setting up libntfs-3g89 (1:2021.8.22-3ubuntu1.4) ...
Setting up libnfs13:arm64 (4.0.0-1ubuntu0.1) ...
Setting up dnsmasq-base (2.91-0ubuntu0.22.04.1) ...
Setting up python3-zipp (1.0.0-3ubuntu0.1) ...
Setting up libgomp1:arm64 (12.3.0-1ubuntu1~22.04.3) ...
Setting up nvidia-container-toolkit-base (1.16.2-1) ...
Setting up libcdio19:arm64 (2.1.0-3ubuntu0.2) ...
Setting up perl-modules-5.34 (5.34.0-3ubuntu1.9) ...
Setting up qemu-efi-aarch64 (2022.02-3ubuntu0.22.04.6) ...
Setting up lshw (02.19.git.2021.06.19.996aaad9c7-2ubuntu0.22.04.1) ...
Setting up bzip2 (1.0.8-5ubuntu0.1) ...
Setting up locales (2.35-0ubuntu3.15) ...
Generating locales (this might take a while)...
  en_AG.UTF-8... done
  en_AU.UTF-8... done
  en_BW.UTF-8... done
  en_CA.UTF-8... done
  en_DK.UTF-8... done
  en_GB.UTF-8... done
  en_HK.UTF-8... done
  en_IE.UTF-8... done
  en_IL.UTF-8... done
  en_IN.UTF-8... done
  en_NG.UTF-8... done
  en_NZ.UTF-8... done
  en_PH.UTF-8... done
  en_SG.UTF-8... done
  en_US.UTF-8... done
  en_ZA.UTF-8... done
  en_ZM.UTF-8... done
  en_ZW.UTF-8... done
Generation complete.
Setting up libnvonnxparsers10 (10.3.0.30-1+cuda12.5) ...
Setting up libnvinfer-dispatch10 (10.3.0.30-1+cuda12.5) ...
Setting up libwinpr2-2:arm64 (2.6.1+dfsg1-3ubuntu2.11) ...
Setting up python3-sss (2.6.3-1ubuntu3.9) ...
Setting up pva-allow-2 (2.0.5) ...
Created symlink /etc/systemd/system/default.target.wants/nvidia-pva-allowd.service → /etc/systemd/system/nvidia-pva-allowd.service.
Operation completed successfully
Setting up libprotobuf-c1:arm64 (1.3.3-1ubuntu2.1) ...
Setting up libgbm-dev:arm64 (23.2.1-1ubuntu3.1~22.04.4) ...
Setting up nvidia-l4t-firmware (36.5.2-20260716114719) ...
Setting up libwbclient0:arm64 (2:4.15.13+dfsg-0ubuntu1.13) ...
Setting up libldap-2.5-0:arm64 (2.5.20+dfsg-0ubuntu0.22.04.1) ...
Setting up libvncserver1:arm64 (0.9.13+dfsg-3ubuntu0.2) ...
Setting up nvidia-l4t-oem-config (36.5.2-20260716114719) ...

Configuration file '/etc/systemd/nv-oem-config-post.sh'
 ==> Deleted (by you or by a script) since installation.
 ==> Package distributor has shipped an updated version.
 ==> Keeping old config file as default.

Configuration file '/etc/systemd/nv-oem-config.sh'
 ==> Deleted (by you or by a script) since installation.
 ==> Package distributor has shipped an updated version.
 ==> Keeping old config file as default.
Setting up libnvinfer-dispatch-dev (10.3.0.30-1+cuda12.5) ...
Setting up xxd (2:8.2.3995-1ubuntu2.36) ...
Setting up libtss2-tcti-device0:arm64 (3.2.0-1ubuntu1.1) ...
Setting up ntfs-3g (1:2021.8.22-3ubuntu1.4) ...
Setting up libjcat1:arm64 (0.2.3-1~ubuntu0.22.04.1) ...
Setting up libsss-certmap0 (2.6.3-1ubuntu3.9) ...
Setting up libasan6:arm64 (11.4.0-1ubuntu1~22.04.3) ...
Setting up bluez-obexd (5.64-0ubuntu1.4) ...
Setting up libc6-dbg:arm64 (2.35-0ubuntu3.15) ...
Setting up libinput-bin (1.20.0-1ubuntu0.4) ...
Setting up libnvvpi3 (3.2.4) ...
Operation completed successfully
Setting up dns-root-data (2024071801~ubuntu0.22.04.1) ...
Setting up libxnvctrl0:arm64 (510.47.03-0ubuntu1.22.04.1) ...
Setting up tzdata (2026c-0ubuntu0.22.04.1) ...

Current default time zone: 'America/Vancouver'
Local time is now:      Sun Sep 20 12:28:58 PDT 2026.
Universal Time is now:  Sun Sep 20 19:28:58 UTC 2026.
Run 'dpkg-reconfigure tzdata' if you wish to change it.

Setting up libcap2-bin (1:2.44-1ubuntu0.22.04.3) ...
Setting up libdconf1:arm64 (0.40.0-3ubuntu0.1) ...
Setting up eject (2.37.2-4ubuntu3.6) ...
Setting up libexiv2-27:arm64 (0.27.5-3ubuntu1.3) ...
Setting up libasound2-data (1.2.6.1-1ubuntu1.2) ...
Setting up wpasupplicant (2:2.10-6ubuntu2.4) ...
Setting up apparmor (3.0.4-2ubuntu2.5) ...
Installing new version of config file /etc/apparmor.d/abstractions/dri-enumerate ...
Installing new version of config file /etc/apparmor.d/abstractions/opencl-intel ...
Installing new version of config file /etc/apparmor.d/abstractions/opencl-nvidia ...
Installing new version of config file /etc/apparmor.d/abstractions/opencl-pocl ...
Installing new version of config file /etc/apparmor.d/abstractions/vulkan ...
Installing new version of config file /etc/apparmor.d/nvidia_modprobe ...
Installing new version of config file /etc/apparmor.d/tunables/global ...
Setting up libvncclient1:arm64 (0.9.13+dfsg-3ubuntu0.2) ...
Setting up libftdi1-2:arm64 (1.5-5build3) ...
Setting up gir1.2-packagekitglib-1.0 (1.2.5-2ubuntu3.1) ...
Setting up docker-buildx-plugin (0.37.1-1~ubuntu.22.04~jammy) ...
Setting up p11-kit-modules:arm64 (0.24.0-6ubuntu0.1) ...
Setting up libklibc:arm64 (2.0.10-4ubuntu0.2) ...
Setting up libflashrom1:arm64 (1.2-5build1) ...
Setting up libreoffice-style-colibre (1:7.3.7-0ubuntu0.22.04.12) ...
Setting up libtss2-tcti-cmd0:arm64 (3.2.0-1ubuntu1.1) ...
Setting up libglib2.0-data (2.72.4-0ubuntu2.9) ...
Setting up libnvidia-container1:arm64 (1.16.2-1) ...
Setting up libpython2.7-minimal:arm64 (2.7.18-13ubuntu1.5) ...
Setting up vim-common (2:8.2.3995-1ubuntu2.36) ...
Setting up libpcap0.8:arm64 (1.10.1-4ubuntu1.22.04.1) ...
Setting up libnspr4:arm64 (2:4.35-0ubuntu0.22.04.1) ...
Setting up gnupg-l10n (2.2.27-3ubuntu2.5) ...
Setting up nvidia-l4t-nvpmodel (36.5.2-20260716114719) ...
Installing new version of config file /etc/nvpmodel/nvpmodel_p3767_0000.conf ...
Installing new version of config file /etc/nvpmodel/nvpmodel_p3767_0001.conf ...
Installing new version of config file /etc/nvpmodel/nvpmodel_p3767_0003.conf ...
Installing new version of config file /etc/nvpmodel/nvpmodel_p3767_0004.conf ...
Installing new version of config file /etc/systemd/system/nvpmodel.service ...
Setting up libjbig2dec0:arm64 (0.19-3ubuntu0.1) ...
Setting up python2.7-minimal (2.7.18-13ubuntu1.5) ...
Setting up python3-cryptography (3.4.8-1ubuntu2.4) ...
Setting up libavahi-common-data:arm64 (0.8-5ubuntu5.5) ...
Setting up libncurses6:arm64 (6.3-2ubuntu0.3) ...
Setting up nvidia-l4t-apt-source (36.5.2-20260716114719) ...

Configuration file '/etc/apt/sources.list.d/nvidia-l4t-apt-source.list'
 ==> Modified (by you or by a script) since installation.
 ==> Package distributor has shipped an updated version.
 ==> Keeping old config file as default.
Setting up xz-utils (5.2.5-2ubuntu1.1) ...
Setting up nvidia-l4t-libwayland-egl1 (36.5.2-20260716114719) ...
Setting up libexif12:arm64 (0.6.24-1ubuntu0.22.04.1) ...
Setting up rfkill (2.37.2-4ubuntu3.6) ...
Setting up libnvinfer-dev (10.3.0.30-1+cuda12.5) ...
Setting up libpng16-16:arm64 (1.6.37-3ubuntu0.6) ...
Setting up libevent-core-2.1-7:arm64 (2.1.12-stable-1ubuntu0.1) ...
Setting up libiperf0:arm64 (3.9-1+deb11u1ubuntu0.1) ...
Setting up libatomic1:arm64 (12.3.0-1ubuntu1~22.04.3) ...
Setting up cuda-driver-dev-12-6 (12.6.68-1) ...
Setting up python3-idna (3.3-1ubuntu0.2) ...
Setting up libidn12:arm64 (1.38-4ubuntu1.1) ...
Setting up libevent-2.1-7:arm64 (2.1.12-stable-1ubuntu0.1) ...
Setting up containerd.io (2.3.5-1~ubuntu.22.04~jammy) ...
Setting up libss2:arm64 (1.46.5-2ubuntu1.2) ...
Setting up liborc-0.4-0:arm64 (1:0.4.32-2ubuntu0.1) ...
Setting up libpython3.10-minimal:arm64 (3.10.12-1~22.04.18) ...
Setting up sudo (1.9.9-1ubuntu2.6) ...
Setting up libreoffice-style-breeze (1:7.3.7-0ubuntu0.22.04.12) ...
Setting up avahi-autoipd (0.8-5ubuntu5.5) ...
Setting up libudev-dev:arm64 (249.11-0ubuntu3.22) ...
Setting up docker-compose-plugin (5.5.1-1~ubuntu.22.04~jammy) ...
Setting up libtss2-tcti-mssim0:arm64 (3.2.0-1ubuntu1.1) ...
Setting up libnvinfer-lean10 (10.3.0.30-1+cuda12.5) ...
Setting up libabsl20210324:arm64 (0~20210324.2-2ubuntu0.3) ...
Setting up usbmuxd (1.1.1-2ubuntu0.1) ...
usbmuxd.service is a disabled or a static unit not running, not starting it.
Setting up libncursesw6:arm64 (6.3-2ubuntu0.3) ...
Setting up busybox-initramfs (1:1.30.1-7ubuntu3.1) ...
Setting up libraw20:arm64 (0.20.2-2ubuntu2.22.04.3) ...
Setting up nvidia-l4t-nvsci (36.5.2-20260716114719) ...
Setting up libglapi-mesa:arm64 (23.2.1-1ubuntu3.1~22.04.4) ...
Setting up libnm0:arm64 (1.36.6-0ubuntu2.5) ...
Setting up libnvidia-container-tools (1.16.2-1) ...
Setting up libkpathsea6:arm64 (2021.20210626.59705-1ubuntu0.3) ...
Setting up logsave (1.46.5-2ubuntu1.2) ...
Setting up libssh-4:arm64 (0.9.6-2ubuntu0.22.04.8) ...
Setting up libgfortran5:arm64 (12.3.0-1ubuntu1~22.04.3) ...
Setting up python3-urllib3 (1.26.5-1~exp1ubuntu0.7) ...
Setting up nvidia-l4t-pva (36.5.2-20260716114719) ...
Setting up libsoup2.4-common (2.74.2-3ubuntu0.8) ...
Setting up libfdisk1:arm64 (2.37.2-4ubuntu3.6) ...
Setting up liblzma-dev:arm64 (5.2.5-2ubuntu1.1) ...
Setting up libubsan1:arm64 (12.3.0-1ubuntu1~22.04.3) ...
Setting up libgif7:arm64 (5.1.9-2ubuntu0.3) ...
Setting up docker-ce-cli (5:29.8.1-1~ubuntu.22.04~jammy) ...
Setting up libdevmapper1.02.1:arm64 (2:1.02.175-2.1ubuntu5) ...
Setting up xdg-dbus-proxy (0.1.3-1ubuntu0.1) ...
Setting up libnvonnxparsers-dev (10.3.0.30-1+cuda12.5) ...
Setting up nvidia-l4t-vulkan-sc (36.5.2-20260716114719) ...
Setting up libslirp0:arm64 (4.6.1-1ubuntu0.2) ...
Setting up python-apt-common (2.4.0ubuntu4.1) ...
Setting up vpi3-dev (3.2.4) ...
Setting up python3-libnvinfer-dispatch (10.3.0.30-1+cuda12.5) ...
Setting up mount (2.37.2-4ubuntu3.6) ...
Setting up ubuntu-report (1.7.1ubuntu0.1) ...
Setting up gnome-control-center-faces (1:41.7-0ubuntu0.22.04.9) ...
Setting up uuid-runtime (2.37.2-4ubuntu3.6) ...
uuidd.service is a disabled or a static unit not running, not starting it.
Setting up libipa-hbac0 (2.6.3-1ubuntu3.9) ...
Setting up libmm-glib0:arm64 (1.20.0-1~ubuntu22.04.4) ...
Setting up jetson-gpio-common (2.1.9ubuntu1) ...
Setting up cuda-toolkit-12-6-config-common (12.6.68-1) ...
Setting alternatives
update-alternatives: using /usr/local/cuda-12.6 to provide /usr/local/cuda (cuda) in auto mode
update-alternatives: using /usr/local/cuda-12.6 to provide /usr/local/cuda-12 (cuda-12) in auto mode
Setting up libhwasan0:arm64 (12.3.0-1ubuntu1~22.04.3) ...
Setting up libnvinfer-headers-plugin-dev (10.3.0.30-1+cuda12.5) ...
Setting up tailscale (1.102.4) ...
Setting up libbluetooth3:arm64 (5.64-0ubuntu1.4) ...
Setting up jq (1.6-2.1ubuntu3.2) ...
Setting up libasound2:arm64 (1.2.6.1-1ubuntu1.2) ...
Setting up bison (2:3.8.2+dfsg-1ubuntu0.22.04.1) ...
Setting up libgl1-mesa-dev:arm64 (23.2.1-1ubuntu3.1~22.04.4) ...
Setting up gpgconf (2.2.27-3ubuntu2.5) ...
Setting up gdbserver (12.1-0ubuntu1~22.04.2) ...
Setting up libblockdev-part-err2:arm64 (2.26-1ubuntu0.1) ...
Setting up libuno-salhelpergcc3-3 (1:7.3.7-0ubuntu0.22.04.12) ...
Setting up libreoffice-style-yaru (1:7.3.7-0ubuntu0.22.04.12) ...
Setting up libcurl4:arm64 (7.81.0-1ubuntu1.27) ...
Setting up libopenjp2-7:arm64 (2.4.0-6ubuntu0.5) ...
Setting up git-man (1:2.34.1-1ubuntu1.17) ...
Setting up libcryptsetup12:arm64 (2:2.4.3-1ubuntu1.3) ...
Setting up vpi3-samples (3.2.4) ...
Setting up libvpx7:arm64 (1.11.0-2ubuntu2.5) ...
Setting up libgtk2.0-common (2.24.33-2ubuntu2.1) ...
Setting up libtiff5:arm64 (4.3.0-6ubuntu0.13) ...
Setting up curl (7.81.0-1ubuntu1.27) ...
Setting up docker-ce-rootless-extras (5:29.8.1-1~ubuntu.22.04~jammy) ...
Setting up libsndfile1:arm64 (1.0.31-2ubuntu0.2) ...
Setting up libtss2-rc0:arm64 (3.2.0-1ubuntu1.1) ...
Setting up libgphoto2-port12:arm64 (2.5.27-1ubuntu0.1) ...
Setting up liblcms2-utils (2.12~rc1-2ubuntu0.1) ...
Setting up libdjvulibre-text (3.5.28-2ubuntu0.22.04.2) ...
Setting up xserver-common (2:21.1.4-2ubuntu1.7~22.04.16) ...
Setting up libndp0:arm64 (1.8-0ubuntu3.1) ...
Setting up nvidia-l4t-libwayland-client0 (36.5.2-20260716114719) ...
Setting up libaccountsservice0:arm64 (22.07.5-2ubuntu1.6) ...
Setting up p11-kit (0.24.0-6ubuntu0.1) ...
Setting up python3-paramiko (2.9.3-0ubuntu1.3) ...
Setting up gir1.2-nm-1.0:arm64 (1.36.6-0ubuntu2.5) ...
Setting up libbinutils:arm64 (2.38-4ubuntu2.12) ...
Setting up vim-runtime (2:8.2.3995-1ubuntu2.36) ...
Setting up python3-protobuf (3.12.4-1ubuntu7.22.04.6) ...
Setting up nvidia-l4t-cuda (36.5.2-20260716114719) ...
Setting up nvidia-l4t-optee (36.5.2-20260716114719) ...
Installing new version of config file /etc/systemd/system/nv-tee-supplicant.service ...
Setting up libasound2-dev:arm64 (1.2.6.1-1ubuntu1.2) ...
Setting up libc-dev-bin (2.35-0ubuntu3.15) ...
Setting up klibc-utils (2.0.10-4ubuntu0.2) ...
Setting up transmission-common (3.00-2ubuntu2.2) ...
Setting up openssl (3.0.2-0ubuntu1.29) ...
Setting up libtinfo5:arm64 (6.3-2ubuntu0.3) ...
Setting up libsss-nss-idmap0 (2.6.3-1ubuntu3.9) ...
Setting up nvidia-l4t-jetsonpower-gui-tools (36.5.2-20260716114719) ...
Setting up libatopology2:arm64 (1.2.6.1-1ubuntu1.2) ...
Setting up gvfs-common (1.48.2-0ubuntu1.1) ...
Setting up libelf1:arm64 (0.186-1ubuntu0.1) ...
Setting up xserver-xorg-legacy (2:21.1.4-2ubuntu1.7~22.04.16) ...
setting xserver-xorg-legacy/xwrapper/allowed_users from configuration file
Setting up libpam-sss:arm64 (2.6.3-1ubuntu3.9) ...
Setting up liborc-0.4-dev:arm64 (1:0.4.32-2ubuntu0.1) ...
Setting up iputils-ping (3:20211215-1ubuntu0.1) ...
Setting up cuda-toolkit-12-config-common (12.6.68-1) ...
Setting up libxml2:arm64 (2.9.13+dfsg-1ubuntu0.12) ...
Setting up libcc1-0:arm64 (12.3.0-1ubuntu1~22.04.3) ...
Setting up gpg (2.2.27-3ubuntu2.5) ...
Setting up libpolkit-gobject-1-0:arm64 (0.105-33ubuntu0.2) ...
Setting up liblsan0:arm64 (12.3.0-1ubuntu1~22.04.3) ...
Setting up libmbim-glib4:arm64 (1.28.0-1~ubuntu20.04.2) ...
Setting up fonts-opensymbol (2:102.12+LibO7.3.7-0ubuntu0.22.04.12) ...
Setting up yelp-xsl (42.0-1ubuntu0.1) ...
Setting up libitm1:arm64 (12.3.0-1ubuntu1~22.04.3) ...
Setting up rsync (3.2.7-0ubuntu0.22.04.7) ...
rsync.service is a disabled or a static unit not running, not starting it.
Setting up libudisks2-0:arm64 (2.9.4-1ubuntu2.3) ...
Setting up python3-mako (1.1.3+ds1-2ubuntu0.2) ...
Setting up espeak-ng-data:arm64 (1.50+dfsg-10ubuntu0.1) ...
Setting up libsynctex2:arm64 (2021.20210626.59705-1ubuntu0.3) ...
Setting up libkmod2:arm64 (29-1ubuntu1.1) ...
Setting up libmalcontent-0-0:arm64 (0.10.4-1ubuntu0.22.04.1) ...
Setting up libtiffxx5:arm64 (4.3.0-6ubuntu0.13) ...
Setting up ethtool (1:5.16-1ubuntu0.2) ...
Setting up qemu-efi (2022.02-3ubuntu0.22.04.6) ...
Setting up gnupg-utils (2.2.27-3ubuntu2.5) ...
Setting up libevent-pthreads-2.1-7:arm64 (2.1.12-stable-1ubuntu0.1) ...
Setting up initramfs-tools-bin (0.140ubuntu13.5) ...
Setting up ncurses-term (6.3-2ubuntu0.3) ...
Setting up libtsan0:arm64 (11.4.0-1ubuntu1~22.04.3) ...
Setting up libnss-sss:arm64 (2.6.3-1ubuntu3.9) ...
Setting up libctf0:arm64 (2.38-4ubuntu2.12) ...
Setting up libreoffice-style-elementary (1:7.3.7-0ubuntu0.22.04.12) ...
Setting up cryptsetup-bin (2:2.4.3-1ubuntu1.3) ...
Setting up libnvinfer-lean-dev (10.3.0.30-1+cuda12.5) ...
Setting up cpp-11 (11.4.0-1ubuntu1~22.04.3) ...
Setting up libglib2.0-dev-bin (2.72.4-0ubuntu2.9) ...
Setting up libinput10:arm64 (1.20.0-1ubuntu0.4) ...
Setting up nvidia-l4t-nvpmodel-gui-tools (36.5.2-20260716114719) ...
Setting up openssh-sftp-server (1:8.9p1-3ubuntu0.17) ...
Setting up libdw1:arm64 (0.186-1ubuntu0.1) ...
Setting up libperl5.34:arm64 (5.34.0-3ubuntu1.9) ...
Setting up libevent-extra-2.1-7:arm64 (2.1.12-stable-1ubuntu0.1) ...
Setting up tensorrt-libs (10.3.0.30-1+cuda12.5) ...
Setting up gpg-agent (2.2.27-3ubuntu2.5) ...
Setting up libsoup2.4-1:arm64 (2.74.2-3ubuntu0.8) ...
Setting up dconf-cli (0.40.0-3ubuntu0.1) ...
Setting up libcaca0:arm64 (0.99.beta19-2.2ubuntu4.2) ...
Setting up python3-libnvinfer (10.3.0.30-1+cuda12.5) ...
Setting up openssh-server (1:8.9p1-3ubuntu0.17) ...
rescue-ssh.target is a disabled or a static unit not running, not starting it.
ssh.socket is a disabled or a static unit not running, not starting it.
Setting up python3-libnvinfer-lean (10.3.0.30-1+cuda12.5) ...
Setting up nvidia-l4t-tools (36.5.2-20260716114719) ...
Installing new version of config file /etc/nvpower/libjetsonpower/jetsonpower_t234.conf ...
Setting up libtss2-sys1:arm64 (3.2.0-1ubuntu1.1) ...
Setting up python-jetson-gpio (2.1.9ubuntu1) ...
Setting up bind9-libs:arm64 (1:9.18.39-0ubuntu0.22.04.6) ...
Setting up alsa-ucm-conf (1.2.6.3-1ubuntu1.12) ...
Setting up iperf3 (3.9-1+deb11u1ubuntu0.1) ...
Setting up libarchive13:arm64 (3.6.0-1ubuntu1.8) ...
Setting up nvidia-l4t-nvfancontrol (36.5.2-20260716114719) ...
Setting up nvidia-l4t-openwfd (36.5.2-20260716114719) ...
Setting up python3-apt (2.4.0ubuntu4.1) ...
Setting up iproute2 (5.15.0-1ubuntu2.2) ...
Setting up gpgsm (2.2.27-3ubuntu2.5) ...
Setting up libgl1-mesa-dri:arm64 (23.2.1-1ubuntu3.1~22.04.4) ...
Setting up libpng-dev:arm64 (1.6.37-3ubuntu0.6) ...
Setting up nvidia-l4t-x11 (36.5.2-20260716114719) ...
Setting up libdjvulibre21:arm64 (3.5.28-2ubuntu0.22.04.2) ...
Setting up libavahi-common3:arm64 (0.8-5ubuntu5.5) ...
Setting up libpq5:arm64 (14.24-0ubuntu0.22.04.1) ...
Setting up libjavascriptcoregtk-4.0-18:arm64 (2.50.4-0ubuntu0.22.04.1) ...
Setting up libnvinfer-plugin-dev (10.3.0.30-1+cuda12.5) ...
Setting up libevent-openssl-2.1-7:arm64 (2.1.12-stable-1ubuntu0.1) ...
Setting up libglib2.0-bin (2.72.4-0ubuntu2.9) ...
Setting up binutils-aarch64-linux-gnu (2.38-4ubuntu2.12) ...
Setting up libnvinfer-vc-plugin-dev (10.3.0.30-1+cuda12.5) ...
Setting up libcurl3-gnutls:arm64 (7.81.0-1ubuntu1.27) ...
Setting up libfwupd3:arm64 (2.0.20-1ubuntu2~22.04.2) ...
Setting up dconf-service (0.40.0-3ubuntu0.1) ...
Setting up nvidia-container-toolkit (1.16.2-1) ...
Setting up systemd (249.11-0ubuntu3.22) ...
Setting up libnvinfer-bin (10.3.0.30-1+cuda12.5) ...
Setting up libnss3:arm64 (2:3.98-0ubuntu0.22.04.4) ...
Setting up sssd-common (2.6.3-1ubuntu3.9) ...
Installing new version of config file /etc/apparmor.d/usr.sbin.sssd ...
sssd-autofs.service is a disabled or a static unit not running, not starting it.
sssd-nss.service is a disabled or a static unit not running, not starting it.
sssd-pam.service is a disabled or a static unit not running, not starting it.
sssd-ssh.service is a disabled or a static unit not running, not starting it.
sssd-sudo.service is a disabled or a static unit not running, not starting it.
Could not execute systemctl:  at /usr/bin/deb-systemd-invoke line 142.
Setting up sssd-proxy (2.6.3-1ubuntu3.9) ...
Setting up binutils (2.38-4ubuntu2.12) ...
Setting up libnvinfer-samples (10.3.0.30-1+cuda12.5) ...
Setting up libmbim-proxy (1.28.0-1~ubuntu20.04.2) ...
Setting up libespeak-ng1:arm64 (1.50+dfsg-10ubuntu0.1) ...
Setting up gir1.2-javascriptcoregtk-4.0:arm64 (2.50.4-0ubuntu0.22.04.1) ...
Setting up kmod (29-1ubuntu1.1) ...
Setting up gir1.2-accountsservice-1.0:arm64 (22.07.5-2ubuntu1.6) ...
Setting up ldap-utils (2.5.20+dfsg-0ubuntu0.22.04.1) ...
Setting up python3.10-minimal (3.10.12-1~22.04.18) ...
Setting up libncurses5:arm64 (6.3-2ubuntu0.3) ...
Setting up fdisk (2.37.2-4ubuntu3.6) ...
Setting up python3-jetson-gpio (2.1.9ubuntu1) ...
Setting up libgsf-1-114:arm64 (1.14.47-1ubuntu0.1) ...
Setting up libpython2.7-stdlib:arm64 (2.7.18-13ubuntu1.5) ...
Setting up libpython3.10-stdlib:arm64 (3.10.12-1~22.04.18) ...
Setting up dirmngr (2.2.27-3ubuntu2.5) ...
Setting up ca-certificates (20260601~22.04.1) ...
Updating certificates in /etc/ssl/certs...
rehash: warning: skipping ca-certificates.crt,it does not contain exactly one certificate or CRL
24 added, 40 removed; done.
Setting up perl (5.34.0-3ubuntu1.9) ...
Setting up libxml2-dev:arm64 (2.9.13+dfsg-1ubuntu0.12) ...
Setting up libsnmp40:arm64 (5.9.1+dfsg-1ubuntu2.9) ...
Setting up libegl-mesa0:arm64 (23.2.1-1ubuntu3.1~22.04.4) ...
Setting up libtss2-esys-3.0.2-0:arm64 (3.2.0-1ubuntu1.1) ...
Setting up cuda-cudart-12-6 (12.6.68-1) ...
Setting up libfreetype6:arm64 (2.11.1+dfsg-1ubuntu0.3) ...
Setting up libblockdev-utils2:arm64 (2.26-1ubuntu0.1) ...
Setting up vpi3-python-src (3.2.4) ...
Setting up libspa-0.2-modules:arm64 (0.3.48-1ubuntu3.2) ...
Setting up sssd-krb5-common (2.6.3-1ubuntu3.9) ...
Setting up libuno-cppu3 (1:7.3.7-0ubuntu0.22.04.12) ...
Setting up docker-ce (5:29.8.1-1~ubuntu.22.04~jammy) ...
Setting up libpipewire-0.3-0:arm64 (0.3.48-1ubuntu3.2) ...
Setting up python3-requests (2.25.1+dfsg-2ubuntu0.3) ...
Setting up libgd3:arm64 (2.3.0-2ubuntu2.3) ...
Setting up libevent-dev (2.1.12-stable-1ubuntu0.1) ...
Setting up systemd-timesyncd (249.11-0ubuntu3.22) ...
Setting up udev (249.11-0ubuntu3.22) ...
Setting up nvidia-l4t-bootloader (36.5.2-20260716114719) ...
Restore link: APP to /dev/nvme0n1p1
Restore link: A_kernel to /dev/nvme0n1p2
Restore link: A_kernel-dtb to /dev/nvme0n1p3
Restore link: A_reserved_on_user to /dev/nvme0n1p4
Restore link: B_kernel to /dev/nvme0n1p5
Restore link: B_kernel-dtb to /dev/nvme0n1p6
Restore link: B_reserved_on_user to /dev/nvme0n1p7
Restore link: recovery to /dev/nvme0n1p8
Restore link: recovery-dtb to /dev/nvme0n1p9
Restore link: esp to /dev/nvme0n1p10
Restore link: recovery_alt to /dev/nvme0n1p11
Restore link: recovery-dtb_alt to /dev/nvme0n1p12
Restore link: esp_alt to /dev/nvme0n1p13
Restore link: UDA to /dev/nvme0n1p14
Restore link: reserved to /dev/nvme0n1p15
3701--0005--1--jetson-agx-orin-devkit-
TNSPEC 3701-500-0005-R.0-1-1-jetson-agx-orin-devkit-
COMPATIBLE_SPEC 3701--0005--1--jetson-agx-orin-devkit-
TEGRA_BOOT_STORAGE nvme0n1
TEGRA_CHIPID 0x23
TEGRA_OTA_BOOT_DEVICE /dev/mtdblock0
TEGRA_OTA_GPT_DEVICE /dev/mtdblock0
Info: Write TegraPlatformCompatSpec with 3701--0005--1--jetson-agx-orin-devkit-.
Info: The esp is not mounted to /boot/efi.
Info: Boot from NVMe - nvme0n1
Info: Active boot storage: nvme0n1
Info: Mount esp uuid=CEA4-BDD9 to /boot/efi.
INFO. Dump slots info:
Current version: 36.3.0
Capsule update status: 0
Current bootloader slot: A
Active bootloader slot: A
num_slots: 2
slot: 0,             status: normal
slot: 1,             status: normal
INFO. Dump nv_boot_control.conf:
TNSPEC 3701-500-0005-R.0-1-1-jetson-agx-orin-devkit-
COMPATIBLE_SPEC 3701--0005--1--jetson-agx-orin-devkit-
TEGRA_BOOT_STORAGE nvme0n1
TEGRA_CHIPID 0x23
TEGRA_OTA_BOOT_DEVICE /dev/mtdblock0
TEGRA_OTA_GPT_DEVICE /dev/mtdblock0
Starting bootloader post-install procedure.
INFO. Create capsule UEFI variable /sys/firmware/efi/efivars/OsIndications-8be4df61-93ca-11d2-aa0d-00e098032b8c done.
Idle…: 0%
INFO. Enable fwupd no-esp-backup quirk for bf0d4599-20d4-414e-b2c5-3595b1cda402.
INFO. Trigger Capsule update is done.
INFO. Copy L4tlauncher to /boot/efi/EFI/BOOT/ done.
Updating extlinux.conf...
Root device is set in the extlinux.conf
Reboot the target system for updates to take effect.
Setting up libelf-dev:arm64 (0.186-1ubuntu0.1) ...
Setting up gvfs-libs:arm64 (1.48.2-0ubuntu1.1) ...
Setting up libtss2-tctildr0:arm64 (3.2.0-1ubuntu1.1) ...
Setting up libblockdev-fs2:arm64 (2.26-1ubuntu0.1) ...
Setting up git (1:2.34.1-1ubuntu1.17) ...
Setting up librbd1 (17.2.9-0ubuntu0.22.04.3) ...
Setting up gpg-wks-server (2.2.27-3ubuntu2.5) ...
Setting up libgcc-11-dev:arm64 (11.4.0-1ubuntu1~22.04.3) ...
Setting up nvidia-l4t-wayland (36.5.2-20260716114719) ...
Setting up gcc-11 (11.4.0-1ubuntu1~22.04.3) ...
Setting up sssd-krb5 (2.6.3-1ubuntu3.9) ...
Setting up libhtml-parser-perl:arm64 (3.76-1ubuntu0.1) ...
Setting up libxslt1.1:arm64 (1.1.34-4ubuntu0.22.04.5) ...
Setting up python3-httplib2 (0.20.2-2ubuntu0.1) ...
Setting up systemd-oomd (249.11-0ubuntu3.22) ...
Setting up nvidia-l4t-libwayland-cursor0 (36.5.2-20260716114719) ...
Setting up libpolkit-agent-1-0:arm64 (0.105-33ubuntu0.2) ...
Setting up libc6-dev:arm64 (2.35-0ubuntu3.15) ...
Setting up libharfbuzz0b:arm64 (2.7.4-1ubuntu3.2) ...
Setting up libgdk-pixbuf-2.0-0:arm64 (2.42.8+dfsg-1ubuntu0.5) ...
Setting up libavahi-glib1:arm64 (0.8-5ubuntu5.5) ...
Setting up nvidia-l4t-xusb-firmware (36.5.2-20260716114719) ...
Setting up libsoup-gnome2.4-1:arm64 (2.74.2-3ubuntu0.8) ...
Setting up libcamel-1.2-63:arm64 (3.44.4-0ubuntu1.2) ...
Setting up initramfs-tools-core (0.140ubuntu13.5) ...
Setting up libavahi-core7:arm64 (0.8-5ubuntu5.5) ...
Setting up bind9-host (1:9.18.39-0ubuntu0.22.04.6) ...
Setting up mailcap (3.70+nmu1ubuntu1.22.04.1) ...
Setting up libxfont2:arm64 (1:2.0.5-1ubuntu0.2) ...
Setting up sssd-ldap (2.6.3-1ubuntu3.9) ...
Setting up ubuntu-pro-client (37.2ubuntu~22.04.1) ...
Setting up libavahi-client3:arm64 (0.8-5ubuntu5.5) ...
Setting up fwupd (2.0.20-1ubuntu2~22.04.2) ...
Installing new version of config file /etc/fwupd/remotes.d/lvfs-testing.conf ...
Installing new version of config file /etc/fwupd/remotes.d/lvfs.conf ...
Installing new version of config file /etc/fwupd/remotes.d/vendor-directory.conf ...
Installing new version of config file /etc/grub.d/35_fwupd ...
Installing new version of config file /etc/update-motd.d/85-fwupd ...
Removing obsolete conffile /etc/fwupd/daemon.conf ...
Removing obsolete conffile /etc/fwupd/redfish.conf ...
Removing obsolete conffile /etc/fwupd/remotes.d/vendor.conf ...
Removing obsolete conffile /etc/fwupd/thunderbolt.conf ...
Removing obsolete conffile /etc/fwupd/uefi_capsule.conf ...
fwupd-refresh.service is a disabled or a static unit not running, not starting it.
fwupd.service is a disabled or a static unit not running, not starting it.
Setting up nvidia-l4t-kernel (5.15.199-tegra-36.5.2-20260716114719) ...
Using the existing boot entry 'primary'
Restore link: esp to /dev/nvme0n1p10
3701--0005--1--jetson-agx-orin-devkit-
TNSPEC 3701-500-0005-R.0-1-1-jetson-agx-orin-devkit-
COMPATIBLE_SPEC 3701--0005--1--jetson-agx-orin-devkit-
TEGRA_BOOT_STORAGE nvme0n1
TEGRA_CHIPID 0x23
TEGRA_OTA_BOOT_DEVICE /dev/mtdblock0
TEGRA_OTA_GPT_DEVICE /dev/mtdblock0
Info: Write TegraPlatformCompatSpec with 3701--0005--1--jetson-agx-orin-devkit-.
Info: The esp is already mounted to /boot/efi.
Starting kernel post-install procedure.
Rootfs AB is not enabled.
Reboot the target system for changes to take effect.
Setting up accountsservice (22.07.5-2ubuntu1.6) ...
Setting up libgstreamer1.0-0:arm64 (1.20.3-0ubuntu1.1) ...
Setcap worked! gst-ptp-helper is not suid!
Setting up libfprint-2-2:arm64 (1:1.94.3+tod1-0ubuntu2~22.04.08) ...
Setting up ubuntu-pro-client-l10n (37.2ubuntu~22.04.1) ...
Setting up snapd (2.76.3+ubuntu22.04) ...
Installing new version of config file /etc/apparmor.d/usr.lib.snapd.snap-confine.real ...
Installing new version of config file /etc/profile.d/apps-bin-path.sh ...
snapd.failure.service is a disabled or a static unit not running, not starting it.
snapd.gpio-chardev-setup.target is a disabled or a static unit not running, not starting it.
snapd.snap-repair.service is a disabled or a static unit not running, not starting it.
Setting up gtk-update-icon-cache (3.24.33-1ubuntu2.2) ...
Setting up libhttp-date-perl (6.05-1ubuntu0.1) ...
Setting up gir1.2-gstreamer-1.0:arm64 (1.20.3-0ubuntu1.1) ...
Setting up libuno-purpenvhelpergcc3-3 (1:7.3.7-0ubuntu0.22.04.12) ...
Setting up libpython3.10:arm64 (3.10.12-1~22.04.18) ...
Setting up systemd-sysv (249.11-0ubuntu3.22) ...
Setting up libexif-dev:arm64 (0.6.24-1ubuntu0.22.04.1) ...
Setting up libpython2.7:arm64 (2.7.18-13ubuntu1.5) ...
Setting up libharfbuzz-icu0:arm64 (2.7.4-1ubuntu3.2) ...
Setting up libglx-mesa0:arm64 (23.2.1-1ubuntu3.1~22.04.4) ...
Setting up libblockdev-crypto2:arm64 (2.26-1ubuntu0.1) ...
Setting up xdg-desktop-portal (1.14.4-1ubuntu2~22.04.2) ...
Setting up vim (2:8.2.3995-1ubuntu2.36) ...
Setting up openvpn (2.5.11-0ubuntu0.22.04.4) ...
Setting up python3.10 (3.10.12-1~22.04.18) ...
Setting up initramfs-tools (0.140ubuntu13.5) ...
update-initramfs: deferring update (trigger activated)
Setting up uno-libs-private (1:7.3.7-0ubuntu0.22.04.12) ...
Setting up libblockdev-swap2:arm64 (2.26-1ubuntu0.1) ...
Setting up libwww-perl (6.61-1ubuntu0.1) ...
Setting up ubuntu-drivers-common (1:0.9.6.2~0.22.04.11) ...
Setting up gpg-wks-client (2.2.27-3ubuntu2.5) ...
Setting up python2.7 (2.7.18-13ubuntu1.5) ...
Setting up dconf-gsettings-backend:arm64 (0.40.0-3ubuntu0.1) ...
Setting up gir1.2-gdkpixbuf-2.0:arm64 (2.42.8+dfsg-1ubuntu0.5) ...
Setting up python3-libnvinfer-dev (10.3.0.30-1+cuda12.5) ...
Setting up nvidia-l4t-vulkan-sc-samples (36.5.2-20260716114719) ...
Setting up libgfortran-11-dev:arm64 (11.4.0-1ubuntu1~22.04.3) ...
Setting up nvidia-l4t-kernel-headers (5.15.199-tegra-36.5.2-20260716114719) ...
Setting up libdebuginfod1:arm64 (0.186-1ubuntu0.1) ...
Setting up nvidia-l4t-jetson-io (36.5.2-20260716114719) ...
Setting up libraptor2-0:arm64 (2.0.15-0ubuntu4.1) ...
Setting up xserver-xorg-core (2:21.1.4-2ubuntu1.7~22.04.16) ...
Setting up gnome-shell-common (42.9-0ubuntu2.3) ...
Setting up libnss-systemd:arm64 (249.11-0ubuntu3.22) ...
Setting up libblockdev-loop2:arm64 (2.26-1ubuntu0.1) ...
Setting up libgstreamer-plugins-base1.0-0:arm64 (1.20.1-1ubuntu0.6) ...
Setting up python3.10-vpi3 (3.2.4) ...
Setting up libblockdev2:arm64 (2.26-1ubuntu0.1) ...
Setting up tensorrt (10.3.0.30-1+cuda12.5) ...
Setting up cuda-cudart-dev-12-6 (12.6.68-1) ...
Setting up nautilus-data (1:42.6-0ubuntu2) ...
Setting up libblockdev-part2:arm64 (2.26-1ubuntu0.1) ...
Setting up nvidia-l4t-kernel-oot-modules (5.15.199-tegra-36.5.2-20260716114719) ...
depmod: WARNING: could not open modules.order at /lib/modules/5.15.136-tegra: No such file or directory
depmod: WARNING: could not open modules.builtin at /lib/modules/5.15.136-tegra: No such file or directory
Setting up gir1.2-soup-2.4:arm64 (2.74.2-3ubuntu0.8) ...
Setting up gir1.2-harfbuzz-0.0:arm64 (2.7.4-1ubuntu3.2) ...
Setting up libdw-dev:arm64 (0.186-1ubuntu0.1) ...
Setting up libcairo2:arm64 (1.16.0-5ubuntu2.1) ...
Setting up nvidia-l4t-3d-core (36.5.2-20260716114719) ...
Setting up python3-apport (2.20.11-0ubuntu82.10) ...
Setting up libpipewire-0.3-modules:arm64 (0.3.48-1ubuntu3.2) ...
Setting up libpoppler118:arm64 (22.02.0-2ubuntu0.13) ...
Setting up python3-pil:arm64 (9.0.1-1ubuntu0.5) ...
Setting up bluez (5.64-0ubuntu1.4) ...
Setting up mutter-common (42.9-0ubuntu9) ...
Setting up libgphoto2-6:arm64 (2.5.27-1ubuntu0.1) ...
Setting up libgstreamer-plugins-good1.0-0:arm64 (1.20.3-0ubuntu1.8) ...
Setting up libgstreamer-gl1.0-0:arm64 (1.20.1-1ubuntu0.6) ...
Setting up gdb (12.1-0ubuntu1~22.04.2) ...
Setting up gstreamer1.0-plugins-base:arm64 (1.20.1-1ubuntu0.6) ...
Setting up libexpat1-dev:arm64 (2.4.7-1ubuntu0.7) ...
Setting up xserver-xephyr (2:21.1.4-2ubuntu1.7~22.04.16) ...
Setting up libtiff-dev:arm64 (4.3.0-6ubuntu0.13) ...
Setting up gnome-control-center-data (1:41.7-0ubuntu0.22.04.9) ...
Setting up python3-pil.imagetk:arm64 (9.0.1-1ubuntu0.5) ...
Setting up nvidia-l4t-display-kernel (5.15.199-tegra-36.5.2-20260716114719) ...
Setting up uuid-dev:arm64 (2.37.2-4ubuntu3.6) ...
Setting up nvidia-l4t-initrd (36.5.2-20260716114719) ...
nv-update-initrd: deferring update (trigger activated)
Setting up gtk2-engines-pixbuf:arm64 (2.24.33-2ubuntu2.1) ...
Setting up gstreamer1.0-tools (1.20.3-0ubuntu1.1) ...
Setting up libpython3.10-dev:arm64 (3.10.12-1~22.04.18) ...
Setting up nvidia-l4t-kernel-oot-headers (5.15.199-tegra-36.5.2-20260716114719) ...
Setting up nvidia-l4t-kernel-dtbs (5.15.199-tegra-36.5.2-20260716114719) ...
Setting up gfortran-11 (11.4.0-1ubuntu1~22.04.3) ...
Setting up libstdc++-11-dev:arm64 (11.4.0-1ubuntu1~22.04.3) ...
Setting up libcups2:arm64 (2.4.1op1-1ubuntu4.21) ...
Setting up python3.10-dev (3.10.12-1~22.04.18) ...
Setting up avahi-daemon (0.8-5ubuntu5.5) ...
Setting up libhttp-daemon-perl (6.13-1ubuntu0.2) ...
Setting up libgdk-pixbuf2.0-bin (2.42.8+dfsg-1ubuntu0.5) ...
Setting up gir1.2-polkit-1.0 (0.105-33ubuntu0.2) ...
Setting up gnupg (2.2.27-3ubuntu2.5) ...
Setting up libpam-systemd:arm64 (249.11-0ubuntu3.22) ...
Setting up libcairo-gobject2:arm64 (1.16.0-5ubuntu2.1) ...
Setting up ubuntu-advantage-tools (37.2ubuntu~22.04.1) ...
Setting up libglib2.0-tests (2.72.4-0ubuntu2.9) ...
Setting up poppler-utils (22.02.0-2ubuntu0.13) ...
Setting up libgtk-4-common (4.6.9+ds-0ubuntu0.22.04.2) ...
Setting up gstreamer1.0-plugins-base-apps (1.20.1-1ubuntu0.6) ...
Setting up xwayland (2:22.1.1-1ubuntu0.20) ...
Setting up ubuntu-advantage-desktop-daemon (1.10.ubuntu0.22.04.2) ...
ubuntu-advantage-desktop-daemon.service is a disabled or a static unit not running, not starting it.
Setting up evolution-data-server-common (3.44.4-0ubuntu1.2) ...
Setting up libedataserver-1.2-26:arm64 (3.44.4-0ubuntu1.2) ...
Setting up polkitd (0.105-33ubuntu0.2) ...
Setting up libcupsfilters1:arm64 (1.28.15-0ubuntu1.5) ...
Setting up libgtk-3-common (3.24.33-1ubuntu2.2) ...
Setting up libuno-cppuhelpergcc3-3 (1:7.3.7-0ubuntu0.22.04.12) ...
Setting up gstreamer1.0-gl:arm64 (1.20.1-1ubuntu0.6) ...
Setting up libcairo-script-interpreter2:arm64 (1.16.0-5ubuntu2.1) ...
Setting up libblkid-dev:arm64 (2.37.2-4ubuntu3.6) ...
Setting up ipp-usb (0.9.20-1ubuntu0.22.04.2) ...
ipp-usb.service is a disabled or a static unit not running, not starting it.
Setting up libxml-parser-perl:arm64 (2.46-3ubuntu0.1) ...
Setting up udisks2 (2.9.4-1ubuntu2.3) ...
Setting up nvidia-l4t-gbm (36.5.2-20260716114719) ...
Setting up libecal-2.0-1:arm64 (3.44.4-0ubuntu1.2) ...
Setting up libebook-contacts-1.2-3:arm64 (3.44.4-0ubuntu1.2) ...
Setting up gnupg2 (2.2.27-3ubuntu2.5) ...
Setting up gstreamer1.0-x:arm64 (1.20.1-1ubuntu0.6) ...
Setting up gstreamer1.0-alsa:arm64 (1.20.1-1ubuntu0.6) ...
Setting up libpoppler-glib8:arm64 (22.02.0-2ubuntu0.13) ...
Setting up python3.10-venv (3.10.12-1~22.04.18) ...
Setting up libgjs0g:arm64 (1.72.4-0ubuntu0.22.04.4) ...
Setting up libgs9:arm64 (9.55.0~dfsg1-0ubuntu5.13) ...
Setting up tracker-extract (3.3.3-0ubuntu0.20.04.4) ...
Setting up libgphoto2-dev:arm64 (2.5.27-1ubuntu0.1) ...
Setting up g++-11 (11.4.0-1ubuntu1~22.04.3) ...
Setting up libgtk-3-0:arm64 (3.24.33-1ubuntu2.2) ...
Setting up gstreamer1.0-plugins-good:arm64 (1.20.3-0ubuntu1.8) ...
Setting up libgtk2.0-0:arm64 (2.24.33-2ubuntu2.1) ...
Setting up libfreerdp2-2:arm64 (2.6.1+dfsg1-3ubuntu2.11) ...
Setting up gir1.2-gst-plugins-base-1.0:arm64 (1.20.1-1ubuntu0.6) ...
Setting up avahi-utils (0.8-5ubuntu5.5) ...
Setting up gir1.2-gtk-3.0:arm64 (3.24.33-1ubuntu2.2) ...
Setting up pkexec (0.105-33ubuntu0.2) ...
Setting up samba-libs:arm64 (2:4.15.13+dfsg-0ubuntu1.13) ...
Setting up gstreamer1.0-gtk3:arm64 (1.20.3-0ubuntu1.8) ...
Setting up nvidia-l4t-multimedia-utils (36.5.2-20260716114719) ...
Setting up ghostscript (9.55.0~dfsg1-0ubuntu5.13) ...
Setting up libvte-2.91-0:arm64 (0.68.0-1ubuntu0.1) ...
Setting up libnautilus-extension1a:arm64 (1:42.6-0ubuntu2) ...
Setting up tracker-miner-fs (3.3.3-0ubuntu0.20.04.4) ...
Setting up pipewire-bin (0.3.48-1ubuntu3.2) ...
Setting up apport (2.20.11-0ubuntu82.10) ...
Installing new version of config file /etc/init.d/apport ...
apport-autoreport.service is a disabled or a static unit, not starting it.
Setting up gvfs-daemons (1.48.2-0ubuntu1.1) ...
Setting up transmission-gtk (3.00-2ubuntu2.2) ...
Setting up sssd-ad-common (2.6.3-1ubuntu3.9) ...
sssd-pac.service is a disabled or a static unit not running, not starting it.
Could not execute systemctl:  at /usr/bin/deb-systemd-invoke line 142.
Setting up spice-vdagent (0.22.1-1ubuntu0.1) ...
spice-vdagentd.service is a disabled or a static unit not running, not starting it.
spice-vdagentd.socket is a disabled or a static unit not running, not starting it.
Setting up nvidia-l4t-multimedia (36.5.2-20260716114719) ...
Setting up libsmbclient:arm64 (2:4.15.13+dfsg-0ubuntu1.13) ...
Setting up libebackend-1.2-10:arm64 (3.44.4-0ubuntu1.2) ...
Setting up libgail18:arm64 (2.24.33-2ubuntu2.1) ...
Setting up apport-gtk (2.20.11-0ubuntu82.10) ...
Setting up libwebkit2gtk-4.0-37:arm64 (2.50.4-0ubuntu0.22.04.1) ...
Setting up libmutter-10-0:arm64 (42.9-0ubuntu9) ...
Setting up libgtk2.0-bin (2.24.33-2ubuntu2.1) ...
Setting up libfreerdp-server2-2:arm64 (2.6.1+dfsg1-3ubuntu2.11) ...
Setting up libgtk-4-1:arm64 (4.6.9+ds-0ubuntu0.22.04.2) ...
Setting up ure (1:7.3.7-0ubuntu0.22.04.12) ...
Setting up libgtk-4-bin (4.6.9+ds-0ubuntu0.22.04.2) ...
Setting up thunderbird (1:140.7.1+build1-0ubuntu0.22.04.1) ...
Setting up libevdocument3-4:arm64 (42.3-0ubuntu3.2) ...
Setting up gir1.2-vte-2.91:arm64 (0.68.0-1ubuntu0.1) ...
Setting up gstreamer1.0-pulseaudio:arm64 (1.20.3-0ubuntu1.8) ...
Setting up pipewire:arm64 (0.3.48-1ubuntu3.2) ...
Setting up libavahi-ui-gtk3-0:arm64 (0.8-5ubuntu5.5) ...
Setting up policykit-1 (0.105-33ubuntu0.2) ...
Setting up libmount-dev:arm64 (2.37.2-4ubuntu3.6) ...
Setting up libfreerdp-client2-2:arm64 (2.6.1+dfsg1-3ubuntu2.11) ...
Setting up gir1.2-gtk-4.0:arm64 (4.6.9+ds-0ubuntu0.22.04.2) ...
Setting up sssd-ad (2.6.3-1ubuntu3.9) ...
Setting up libedata-cal-2.0-1:arm64 (3.44.4-0ubuntu1.2) ...
Setting up gir1.2-webkit2-4.0:arm64 (2.50.4-0ubuntu0.22.04.1) ...
Setting up gvfs:arm64 (1.48.2-0ubuntu1.1) ...
Setting up libedataserverui-1.2-3:arm64 (3.44.4-0ubuntu1.2) ...
Setting up xdg-desktop-portal-gnome (42.1-0ubuntu2) ...
Setting up libgail-common:arm64 (2.24.33-2ubuntu2.1) ...
Setting up gjs (1.72.4-0ubuntu0.22.04.4) ...
Setting up nvidia-l4t-camera (36.5.2-20260716114719) ...
Setting up libevview3-3:arm64 (42.3-0ubuntu3.2) ...
Setting up nvidia-l4t-gstreamer (36.5.2-20260716114719) ...
Setting up gstreamer1.0-pipewire:arm64 (0.3.48-1ubuntu3.2) ...
Setting up nvidia-l4t-weston (36.5.2-20260716114719) ...
Setting up libyelp0:arm64 (42.1-1ubuntu0.2) ...
Setting up network-manager (1.36.6-0ubuntu2.5) ...
find: ‘/etc/netplan’: No such file or directory
Setting up ghostscript-x (9.55.0~dfsg1-0ubuntu5.13) ...
Setting up libedata-book-1.2-26:arm64 (3.44.4-0ubuntu1.2) ...
Setting up nvidia-l4t-graphics-demos (36.5.2-20260716114719) ...
Setting up nvidia-l4t-jetson-multimedia-api (36.5.2-20260716114719) ...
Setting up gir1.2-mutter-10:arm64 (42.9-0ubuntu9) ...
Setting up sssd-ipa (2.6.3-1ubuntu3.9) ...
Setting up gvfs-backends (1.48.2-0ubuntu1.1) ...
Setting up libglib2.0-dev:arm64 (2.72.4-0ubuntu2.9) ...
Setting up libreoffice-common (1:7.3.7-0ubuntu0.22.04.12) ...
Setting up thunderbird-gnome-support (1:140.7.1+build1-0ubuntu0.22.04.1) ...
Setting up gnome-remote-desktop (42.9-0ubuntu0.22.04.2) ...
Setting up evince (42.3-0ubuntu3.2) ...
Setting up packagekit (1.2.5-2ubuntu3.1) ...
Setting up modemmanager (1.20.0-1~ubuntu22.04.4) ...
Setting up sssd (2.6.3-1ubuntu3.9) ...
Setting up libebook-1.2-20:arm64 (3.44.4-0ubuntu1.2) ...
Setting up gvfs-fuse (1.48.2-0ubuntu1.1) ...
Setting up libreoffice-core (1:7.3.7-0ubuntu0.22.04.12) ...
Setting up nautilus (1:42.6-0ubuntu2) ...
Setting up network-manager-openvpn (1.8.18-1ubuntu0.2) ...
Setting up libreoffice-math (1:7.3.7-0ubuntu0.22.04.12) ...
Setting up packagekit-tools (1.2.5-2ubuntu3.1) ...
Setting up libreoffice-gtk3 (1:7.3.7-0ubuntu0.22.04.12) ...
Setting up gnome-control-center (1:41.7-0ubuntu0.22.04.9) ...
Setting up evolution-data-server (3.44.4-0ubuntu1.2) ...
Setting up libreoffice-pdfimport (1:7.3.7-0ubuntu0.22.04.12) ...
Setting up libreoffice-draw (1:7.3.7-0ubuntu0.22.04.12) ...
Setting up libgstreamer1.0-dev:arm64 (1.20.3-0ubuntu1.1) ...
Setting up network-manager-config-connectivity-ubuntu (1.36.6-0ubuntu2.5) ...
Failed to restart network-manager.service: Unit network-manager.service not found.
invoke-rc.d: initscript network-manager, action "force-reload" failed.
Setting up network-manager-openvpn-gnome (1.8.18-1ubuntu0.2) ...
Setting up yelp (42.1-1ubuntu0.2) ...
Setting up libgstreamer-plugins-base1.0-dev:arm64 (1.20.1-1ubuntu0.6) ...
Setting up libreoffice-gnome (1:7.3.7-0ubuntu0.22.04.12) ...
Setting up gnome-shell (42.9-0ubuntu2.3) ...
Setting up gstreamer1.0-packagekit (1.2.5-2ubuntu3.1) ...
Setting up libreoffice-impress (1:7.3.7-0ubuntu0.22.04.12) ...
Setting up libreoffice-base-core (1:7.3.7-0ubuntu0.22.04.12) ...
Setting up python3-uno (1:7.3.7-0ubuntu0.22.04.12) ...
Setting up libreoffice-calc (1:7.3.7-0ubuntu0.22.04.12) ...
Setting up libreoffice-writer (1:7.3.7-0ubuntu0.22.04.12) ...
Setting up libgstreamer-plugins-good1.0-dev (1.20.3-0ubuntu1.8) ...
Setting up gnome-shell-extension-ubuntu-dock (72~ubuntu5.22.04.3) ...
Setting up python3-update-manager (1:22.04.22) ...
Setting up python3-distupgrade (1:22.04.21) ...
Setting up language-pack-en (1:22.04+20240902) ...
Setting up ubuntu-release-upgrader-core (1:22.04.21) ...
Setting up update-manager-core (1:22.04.22) ...
Setting up ubuntu-release-upgrader-gtk (1:22.04.21) ...
Setting up language-pack-en-base (1:22.04+20240902) ...
Generating locales (this might take a while)...
Generation complete.
Setting up update-manager (1:22.04.22) ...
Setting up ubuntu-desktop-minimal (1.481.5) ...
Setting up ubuntu-desktop (1.481.5) ...
Processing triggers for fontconfig (2.13.1-4.2ubuntu5) ...
Processing triggers for desktop-file-utils (0.26-1ubuntu3) ...
Processing triggers for hicolor-icon-theme (0.17-2) ...
Processing triggers for gnome-menus (3.36.0-1ubuntu3) ...
Processing triggers for libc-bin (2.35-0ubuntu3.15) ...
Processing triggers for ufw (0.36.1-4ubuntu0.1) ...
Processing triggers for man-db (2.10.2-1) ...
Processing triggers for cracklib-runtime (2.9.6-3.4build4) ...
Processing triggers for dbus (1.12.20-2ubuntu4.1) ...
Processing triggers for shared-mime-info (2.1-2) ...
Processing triggers for ca-certificates (20260601~22.04.1) ...
Updating certificates in /etc/ssl/certs...
0 added, 0 removed; done.
Running hooks in /etc/ca-certificates/update.d...
Updating Mono key store
Mono Certificate Store Sync - version 6.8.0.105
Populate Mono certificate store from a concatenated list of certificates.
Copyright 2002, 2003 Motus Technologies. Copyright 2004-2008 Novell. BSD licensed.

Importing into legacy system store:
I already trust 148, your new list has 121
Certificate added: CN=Atos TrustedRoot Root CA RSA TLS 2021, O=Atos, C=DE
Certificate added: C=CN, O=BEIJING CERTIFICATE AUTHORITY, CN=BJCA Global Root CA1
Certificate added: C=CN, O=BEIJING CERTIFICATE AUTHORITY, CN=BJCA Global Root CA2
Certificate added: C=DE, O=D-Trust GmbH, CN=D-TRUST BR Root CA 2 2023
Certificate added: C=DE, O=D-Trust GmbH, CN=D-TRUST EV Root CA 2 2023
Certificate added: C=HU, L=Budapest, O=Microsec Ltd., OID.2.5.4.97=VATHU-23584497, CN=e-Szigno TLS Root CA 2023
Certificate added: C=CH, O=OISTE Foundation, CN=OISTE Server Root ECC G1
Certificate added: C=CH, O=OISTE Foundation, CN=OISTE Server Root RSA G1
Certificate added: C=GB, O=Sectigo Limited, CN=Sectigo Public Server Authentication Root E46
Certificate added: C=GB, O=Sectigo Limited, CN=Sectigo Public Server Authentication Root R46
Certificate added: C=JP, O="Cybertrust Japan Co., Ltd.", CN=SecureSign Root CA12
Certificate added: C=JP, O="Cybertrust Japan Co., Ltd.", CN=SecureSign Root CA14
Certificate added: C=JP, O="Cybertrust Japan Co., Ltd.", CN=SecureSign Root CA15
Certificate added: C=US, O=SSL Corporation, CN=SSL.com TLS ECC Root CA 2022
Certificate added: C=US, O=SSL Corporation, CN=SSL.com TLS RSA Root CA 2022
Certificate added: C=CH, O=SwissSign AG, CN=SwissSign RSA TLS Root CA 2022 - 1
Certificate added: C=DE, O=Deutsche Telekom Security GmbH, CN=Telekom Security TLS ECC Root 2020
Certificate added: C=DE, O=Deutsche Telekom Security GmbH, CN=Telekom Security TLS RSA Root 2023
Certificate added: C=CN, O="TrustAsia Technologies, Inc.", CN=TrustAsia Global Root CA G3
Certificate added: C=CN, O="TrustAsia Technologies, Inc.", CN=TrustAsia Global Root CA G4
Certificate added: C=CN, O="TrustAsia Technologies, Inc.", CN=TrustAsia TLS ECC Root CA
Certificate added: C=CN, O="TrustAsia Technologies, Inc.", CN=TrustAsia TLS RSA Root CA
Certificate added: C=TW, O=TAIWAN-CA, OU=Root CA, CN=TWCA CYBER Root CA
23 new root certificates were added to your trust store.
Import process completed.

Importing into BTLS system store:
I already trust 141, your new list has 121
Certificate added: C=ES, CN=Autoridad de Certificacion Firmaprofesional CIF A62634068
Certificate added: C=US, O=Google Trust Services LLC, CN=GTS Root R1
Certificate added: CN=Atos TrustedRoot Root CA RSA TLS 2021, O=Atos, C=DE
Certificate added: C=CN, O=BEIJING CERTIFICATE AUTHORITY, CN=BJCA Global Root CA1
Certificate added: C=CN, O=BEIJING CERTIFICATE AUTHORITY, CN=BJCA Global Root CA2
Certificate added: C=DE, O=D-Trust GmbH, CN=D-TRUST BR Root CA 2 2023
Certificate added: C=DE, O=D-Trust GmbH, CN=D-TRUST EV Root CA 2 2023
Certificate added: C=HU, L=Budapest, O=Microsec Ltd., OID.2.5.4.97=VATHU-23584497, CN=e-Szigno TLS Root CA 2023
Certificate added: C=CH, O=OISTE Foundation, CN=OISTE Server Root ECC G1
Certificate added: C=CH, O=OISTE Foundation, CN=OISTE Server Root RSA G1
Certificate added: C=GB, O=Sectigo Limited, CN=Sectigo Public Server Authentication Root E46
Certificate added: C=GB, O=Sectigo Limited, CN=Sectigo Public Server Authentication Root R46
Certificate added: C=JP, O="Cybertrust Japan Co., Ltd.", CN=SecureSign Root CA12
Certificate added: C=JP, O="Cybertrust Japan Co., Ltd.", CN=SecureSign Root CA14
Certificate added: C=JP, O="Cybertrust Japan Co., Ltd.", CN=SecureSign Root CA15
Certificate added: C=US, O=SSL Corporation, CN=SSL.com TLS ECC Root CA 2022
Certificate added: C=US, O=SSL Corporation, CN=SSL.com TLS RSA Root CA 2022
Certificate added: C=CH, O=SwissSign AG, CN=SwissSign RSA TLS Root CA 2022 - 1
Certificate added: C=DE, O=Deutsche Telekom Security GmbH, CN=Telekom Security TLS ECC Root 2020
Certificate added: C=DE, O=Deutsche Telekom Security GmbH, CN=Telekom Security TLS RSA Root 2023
Certificate added: C=CN, O="TrustAsia Technologies, Inc.", CN=TrustAsia Global Root CA G3
Certificate added: C=CN, O="TrustAsia Technologies, Inc.", CN=TrustAsia Global Root CA G4
Certificate added: C=CN, O="TrustAsia Technologies, Inc.", CN=TrustAsia TLS ECC Root CA
Certificate added: C=CN, O="TrustAsia Technologies, Inc.", CN=TrustAsia TLS RSA Root CA
Certificate added: C=TW, O=TAIWAN-CA, OU=Root CA, CN=TWCA CYBER Root CA
25 new root certificates were added to your trust store.
Import process completed.
Done
done.
Processing triggers for nvidia-l4t-kernel (5.15.199-tegra-36.5.2-20260716114719) ...
Processing triggers for initramfs-tools (0.140ubuntu13.5) ...
update-initramfs: Generating /boot/initrd.img-5.15.136-tegra
cat: /var/tmp/mkinitramfs_FpA8E6/lib/modules/5.15.136-tegra/modules.builtin: No such file or directory
W: Can't find modules.builtin.modinfo (for locating built-in drivers' firmware, supported in Linux >=5.2)
W: Couldn't identify type of root file system for fsck hook
depmod: WARNING: could not open modules.order at /var/tmp/mkinitramfs_FpA8E6/lib/modules/5.15.136-tegra: No such file or directory
depmod: WARNING: could not open modules.builtin at /var/tmp/mkinitramfs_FpA8E6/lib/modules/5.15.136-tegra: No such file or directory
Processing triggers for nvidia-l4t-initrd (36.5.2-20260716114719) ...
Include /etc/nv-update-initrd/list.d/binlist
Include /etc/nv-update-initrd/list.d/disable_initrd_bash
Include /etc/nv-update-initrd/list.d/modules
nv-update-initrd: Updating /boot/initrd from /etc/nv-update-initrd/list.d for kernel version 5.15.199-tegra..
Add /usr/sbin/nvluks-srv-app
Add /usr/sbin/tee-supplicant
Add /usr/lib/libteec.so.2
Add /lib/modules/5.15.199-tegra/updates/drivers/net/ethernet/nvidia/nvethernet/nvethernet.ko
Add /lib/modules/5.15.199-tegra/updates/drivers/nvpps/nvpps.ko
Add /lib/modules/5.15.199-tegra/updates/drivers/net/ethernet/realtek/r8126/r8126.ko
Add /lib/modules/5.15.199-tegra/updates/drivers/net/ethernet/realtek/r8168/r8168.ko
Add /lib/modules/5.15.199-tegra/updates/drivers/usb/typec/fusb301.ko
Add /lib/modules/5.15.199-tegra/modules*
Add /lib/modules/5.15.199-tegra/kernel/drivers/nvme/host/nvme.ko
Add /lib/modules/5.15.199-tegra/kernel/drivers/nvme/host/nvme-core.ko
Add /lib/modules/5.15.199-tegra/kernel/drivers/thermal/tegra/tegra-bpmp-thermal.ko
Add /lib/modules/5.15.199-tegra/kernel/drivers/pwm/pwm-tegra.ko
Add /lib/modules/5.15.199-tegra/kernel/drivers/hwmon/pwm-fan.ko
Add /lib/modules/5.15.199-tegra/kernel/drivers/pci/controller/dwc/pcie-tegra194.ko
Add /lib/modules/5.15.199-tegra/kernel/drivers/phy/tegra/phy-tegra194-p2u.ko
Add /lib/modules/5.15.199-tegra/kernel/drivers/usb/gadget/udc/tegra-xudc.ko
Add /lib/modules/5.15.199-tegra/kernel/drivers/usb/typec/ucsi/typec_ucsi.ko
Add /lib/modules/5.15.199-tegra/kernel/drivers/usb/typec/ucsi/ucsi_ccg.ko
Add /lib/modules/5.15.199-tegra/kernel/drivers/usb/typec/typec.ko
Add /lib/modules/5.15.199-tegra/kernel/drivers/usb/storage/uas.ko
WARNING: File /etc/.disable_initrd_bash is not present in initrd. This is appropriate for development but must be packed for production!
Updating modprobe.d configuration directories for modprobe..
Add config /etc/modprobe.d/alsa-base.conf
Add config /etc/modprobe.d/bcmdhd.conf
Add config /etc/modprobe.d/blacklist-ath_pci.conf
Add config /etc/modprobe.d/blacklist.conf
Add config /etc/modprobe.d/blacklist-firewire.conf
Add config /etc/modprobe.d/blacklist-framebuffer.conf
Add config /etc/modprobe.d/blacklist-modem.conf
Add config-link /etc/modprobe.d/blacklist-oss.conf
Add config /usr/lib/linux-sound-base/noOSS.modprobe.conf
Add config /etc/modprobe.d/blacklist-rare-network.conf
Add config /etc/modprobe.d/denylist-nouveau.conf
Add config /etc/modprobe.d/denylist-oot-modules-audio.conf
Add config /etc/modprobe.d/denylist-ramoops.conf
Add config /etc/modprobe.d/denylist-tegra-safety.conf
Add config /etc/modprobe.d/denylist-tpm-ftpm-tee.conf
Add config /etc/modprobe.d/disable-algif_aead.conf
Add config /etc/modprobe.d/iwlwifi.conf
Add config /etc/modprobe.d/nvgpu.conf
Add config /etc/modprobe.d/nvidia-display.conf
Add config /etc/modprobe.d/tegra-udrm.conf
Add config /lib/modprobe.d/aliases.conf
Add config /lib/modprobe.d/fbdev-blacklist.conf
Add config /lib/modprobe.d/systemd.conf
Cleaning up the temporary directory for updating the initrd..
########## dist-upgrade exit=0 ##########
########## fix-broken 2026-09-20T12:31:38-07:00 ##########
Reading package lists...
Building dependency tree...
Reading state information...
The following packages were automatically installed and are no longer required:
  gdal-data libaec0 libarmadillo10 libarpack2 libavcodec-dev libavformat-dev
  libavutil-dev libblosc1 libcfitsio9 libcharls2 libdc1394-dev libdeflate-dev
  libdouble-conversion3 libexif-dev libfreexl1 libfwupdplugin5 libfyba0
  libgcab-1.0-0 libgdal30 libgdcm-dev libgdcm3.0 libgeos-c1v5 libgeos3.10.2
  libgeotiff5 libgl2ps1.4 libglew2.2 libgphoto2-dev libhdf4-0-alt
  libhdf5-103-1 libhdf5-hl-100 libheif1 libilmbase-dev libjbig-dev libjpeg-dev
  libjpeg-turbo8-dev libjpeg8-dev libkmlbase1 libkmldom1 libkmlengine1
  liblept5 libminizip1 libmysqlclient21 libnetcdf19 libnvinfer-dispatch8
  libnvinfer-lean8 libnvinfer-plugin8 libnvinfer-vc-plugin8 libnvinfer8
  libnvonnxparsers8 libnvparsers8 libodbc2 libodbcinst2 libogdi4.1
  libopencv-calib3d4.5d libopencv-contrib4.5d libopencv-dnn4.5d
  libopencv-features2d4.5d libopencv-flann4.5d libopencv-highgui4.5d
  libopencv-imgcodecs4.5d libopencv-imgproc4.5d libopencv-ml4.5d
  libopencv-objdetect4.5d libopencv-photo4.5d libopencv-shape4.5d
  libopencv-stitching4.5d libopencv-superres4.5d libopencv-video4.5d
  libopencv-videoio4.5d libopencv-videostab4.5d libopencv-viz4.5d
  libopenexr-dev libpng-dev libpq5 libproj22 libraw1394-dev librttopo1
  libslirp0 libsocket++1 libspatialite7 libsuperlu5 libswresample-dev
  libswscale-dev libsz2 libtbb-dev libtesseract4 libtiff-dev libtiffxx5
  liburiparser1 libvtk9.1 libwpe-1.0-1 libwpebackend-fdo-1.0-1 libxerces-c3.2
  mysql-common proj-data slirp4netns unixodbc-common
Use 'sudo apt autoremove' to remove them.
0 upgraded, 0 newly installed, 0 to remove and 0 not upgraded.
########## fix-broken exit=0 ##########
L4T after: REVISION: 5.2
OVERALL rc_dist=0 rc_fix=0
